date,dxy
1985-01-31,139.0623
1985-02-28,145.1828
1985-03-31,138.0416
1985-04-30,138.5926
1985-05-31,137.637
1985-06-30,136.0706
1985-07-31,129.8125
1985-08-31,130.9901
1985-09-30,125.6024
1985-10-31,123.5172
1985-11-30,120.5484
1985-12-31,120.1155
1986-01-31,118.5119
1986-02-28,113.6627
1986-03-31,114.0194
1986-04-30,108.4014
1986-05-31,113.0405
1986-06-30,108.8562
1986-07-31,105.7445
1986-08-31,105.2143
1986-09-30,105.3153
1986-10-31,108.0315
1986-11-30,105.9482
1986-12-31,104.0285
1987-01-31,100.7167
1987-02-28,100.1421
1987-03-31,97.215
1987-04-30,96.401
1987-05-31,97.7714
1987-06-30,98.2825
1987-07-31,99.5724
1987-08-31,96.6803
1987-09-30,98.0353
1987-10-31,94.2983
1987-11-30,90.7084
1987-12-31,86.7087
1988-01-31,90.0553
1988-02-29,90.0649
1988-03-31,87.5322
1988-04-30,87.9404
1988-05-31,88.9839
1988-06-30,92.5257
1988-07-31,93.2583
1988-08-31,94.8793
1988-09-30,93.8293
1988-10-31,90.1479
1988-11-30,87.4363
1988-12-31,89.0457
1989-01-31,91.745
1989-02-28,90.8016
1989-03-31,93.296
1989-04-30,92.9974
1989-05-31,97.583
1989-06-30,97.5504
1989-07-31,93.6028
1989-08-31,96.9841
1989-09-30,94.5714
1989-10-31,94.8221
1989-11-30,93.8116
1989-12-31,92.1973
1990-01-31,92.3441
1990-02-28,93.215
1990-03-31,94.4002
1990-04-30,94.2117
1990-05-31,93.398
1990-06-30,92.0909
1990-07-31,88.6981
1990-08-31,87.9281
1990-09-30,86.9195
1990-10-31,84.5614
1990-11-30,84.9262
1990-12-31,85.3782
1991-01-31,84.0369
1991-02-28,85.2172
1991-03-31,90.6321
1991-04-30,90.0887
1991-05-31,90.9992
1991-06-30,92.5918
1991-07-31,91.2174
1991-08-31,90.9433
1991-09-30,88.0862
1991-10-31,87.7238
1991-11-30,87.0921
1991-12-31,84.1496
1992-01-31,86.5415
1992-02-29,88.0975
1992-03-31,89.2253
1992-04-30,89.3241
1992-05-31,87.2515
1992-06-30,84.9416
1992-07-31,84.1145
1992-08-31,81.8608
1992-09-30,83.9517
1992-10-31,88.1263
1992-11-30,90.8709
1992-12-31,91.3742
1993-01-31,91.5771
1993-02-28,90.9603
1993-03-31,89.3831
1993-04-30,87.7656
1993-05-31,86.8859
1993-06-30,89.3492
1993-07-31,89.9627
1993-08-31,89.804
1993-09-30,89.7868
1993-10-31,90.8021
1993-11-30,91.9711
1993-12-31,92.492
1994-01-31,91.3088
1994-02-28,90.2957
1994-03-31,89.8155
1994-04-30,89.3418
1994-05-31,89.8269
1994-06-30,87.1415
1994-07-31,87.6312
1994-08-31,87.2981
1994-09-30,85.7119
1994-10-31,84.3366
1994-11-30,86.7294
1994-12-31,87.129
1995-01-31,86.8324
1995-02-28,85.0448
1995-03-31,81.4678
1995-04-30,80.1784
1995-05-31,80.9097
1995-06-30,80.5655
1995-07-31,81.0703
1995-08-31,84.447
1995-09-30,83.9326
1995-10-31,84.1289
1995-11-30,85.213
1995-12-31,85.2587
1996-01-31,87.4318
1996-02-29,86.4289
1996-03-31,86.6871
1996-04-30,87.0609
1996-05-31,87.5508
1996-06-30,87.6389
1996-07-31,86.4925
1996-08-31,86.8052
1996-09-30,87.9824
1996-10-31,87.4656
1996-11-30,87.7464
1996-12-31,88.4869
1997-01-31,91.6567
1997-02-28,92.8091
1997-03-31,93.1875
1997-04-30,95.4034
1997-05-31,92.534
1997-06-30,92.587
1997-07-31,95.1516
1997-08-31,95.2904
1997-09-30,94.551
1997-10-31,93.8666
1997-11-30,96.3094
1997-12-31,97.9869
1998-01-31,98.597
1998-02-28,97.3987
1998-03-31,99.0531
1998-04-30,98.1488
1998-05-31,99.8518
1998-06-30,100.3247
1998-07-31,101.9395
1998-08-31,102.0295
1998-09-30,98.3854
1998-10-31,94.9459
1998-11-30,96.8244
1998-12-31,94.6153
1999-01-31,95.5986
1999-02-28,97.5416
1999-03-31,97.9586
1999-04-30,97.9107
1999-05-31,98.9952
1999-06-30,99.5093
1999-07-31,97.4715
1999-08-31,96.6989
1999-09-30,95.2235
1999-10-31,95.2186
1999-11-30,96.4454
1999-12-31,95.8081
2000-01-31,98.1875
2000-02-29,99.3725
2000-03-31,98.0581
2000-04-30,101.8348
2000-05-31,101.685
2000-06-30,99.941
2000-07-31,102.0877
2000-08-31,102.9534
2000-09-30,104.0693
2000-10-31,106.5658
2000-11-30,106.4385
2000-12-31,102.9824
2001-01-31,103.9749
2001-02-28,105.5054
2001-03-31,110.1972
2001-04-30,108.4128
2001-05-31,109.8213
2001-06-30,110.2966
2001-07-31,109.1777
2001-08-31,106.6244
2001-09-30,107.3094
2001-10-31,108.6554
2001-11-30,108.677
2001-12-31,110.5327
2002-01-31,112.8265
2002-02-28,112.6823
2002-03-31,111.7899
2002-04-30,108.9262
2002-05-31,105.6437
2002-06-30,102.202
2002-07-31,103.5833
2002-08-31,102.9413
2002-09-30,103.5577
2002-10-31,103.2141
2002-11-30,103.1296
2002-12-31,100.2577
2003-01-31,98.3091
2003-02-28,97.3887
2003-03-31,96.5982
2003-04-30,94.9386
2003-05-31,91.6261
2003-06-30,92.1028
2003-07-31,94.3994
2003-08-31,94.3449
2003-09-30,90.1281
2003-10-31,89.1992
2003-11-30,87.3502
2003-12-31,84.8883
2004-01-31,85.626
2004-02-29,86.2937
2004-03-31,85.3923
2004-04-30,88.815
2004-05-31,87.7243
2004-06-30,87.3441
2004-07-31,87.8202
2004-08-31,86.8051
2004-09-30,85.2055
2004-10-31,82.6304
2004-11-30,79.9112
2004-12-31,79.4917
2005-01-31,81.6728
2005-02-28,80.8079
2005-03-31,81.7542
2005-04-30,82.3876
2005-05-31,84.6087
2005-06-30,85.3391
2005-07-31,85.6004
2005-08-31,83.8601
2005-09-30,84.3793
2005-10-31,85.4842
2005-11-30,86.3872
2005-12-31,86.0274
2006-01-31,84.1424
2006-02-28,84.718
2006-03-31,85.1759
2006-04-30,81.8354
2006-05-31,80.5146
2006-06-30,81.3415
2006-07-31,81.5974
2006-08-31,81.2524
2006-09-30,81.9707
2006-10-31,81.5503
2006-11-30,80.318
2006-12-31,81.5007
2007-01-31,82.6003
2007-02-28,81.4734
2007-03-31,80.6091
2007-04-30,78.9872
2007-05-31,79.0364
2007-06-30,78.7698
2007-07-31,77.7477
2007-08-31,77.5001
2007-09-30,74.5149
2007-10-31,72.7723
2007-11-30,73.1659
2007-12-31,73.3779
2008-01-31,72.5045
2008-02-29,70.9133
2008-03-31,70.2663
2008-04-30,70.8951
2008-05-31,70.6806
2008-06-30,70.894
2008-07-31,71.6669
2008-08-31,75.0663
2008-09-30,76.2423
2008-10-31,82.875
2008-11-30,83.3983
2008-12-31,79.5258
2009-01-31,82.8557
2009-02-28,85.2042
2009-03-31,83.3126
2009-04-30,81.5908
2009-05-31,76.2305
2009-06-30,77.7917
2009-07-31,75.0601
2009-08-31,75.1246
2009-09-30,73.6187
2009-10-31,73.343
2009-11-30,71.8795
2009-12-31,74.0746
2010-01-31,75.1727
2010-02-28,75.3583
2010-03-31,75.4392
2010-04-30,75.909
2010-05-31,79.1945
2010-06-30,78.861
2010-07-31,75.4647
2010-08-31,76.7785
2010-09-30,73.5408
2010-10-31,72.1409
2010-11-30,74.8061
2010-12-31,73.212
2011-01-31,72.1074
2011-02-28,71.1884
2011-03-31,70.4954
2011-04-30,68.1169
2011-05-31,69.4582
2011-06-30,69.1089
2011-07-31,68.2882
2011-08-31,68.8417
2011-09-30,72.8553
2011-10-31,70.5159
2011-11-30,72.3977
2011-12-31,73.4051
2012-01-31,72.6719
2012-02-29,72.19
2012-03-31,72.7835
2012-04-30,72.3277
2012-05-31,75.6958
2012-06-30,74.5564
2012-07-31,74.6945
2012-08-31,73.6939
2012-09-30,72.8154
2012-10-31,73.2459
2012-11-30,73.4087
2012-12-31,73.5633
2013-01-31,73.4909
2013-02-28,75.7396
2013-03-31,76.3538
2013-04-30,75.5569
2013-05-31,77.3766
2013-06-30,77.5759
2013-07-31,76.3379
2013-08-31,77.0156
2013-09-30,75.1936
2013-10-31,75.3804
2013-11-30,76.206
2013-12-31,76.1421
2014-01-31,77.5941
2014-02-28,76.5391
2014-03-31,76.6267
2014-04-30,76.0492
2014-05-31,76.4505
2014-06-30,75.7123
2014-07-31,77.2063
2014-08-31,77.9776
2014-09-30,81.0756
2014-10-31,81.8583
2014-11-30,83.3705
2014-12-31,85.0652
2015-01-31,89.6269
2015-02-28,89.6803
2015-03-31,92.0599
2015-04-30,89.0096
2015-05-31,90.8242
2015-06-30,89.8171
2015-07-31,91.9203
2015-08-31,91.6432
2015-09-30,92.1031
2015-10-31,91.8307
2015-11-30,94.6528
2015-12-31,94.2472
2016-01-31,95.3746
2016-02-29,93.2101
2016-03-31,89.7172
2016-04-30,87.9695
2016-05-31,90.8375
2016-06-30,90.584
2016-07-31,90.0326
2016-08-31,90.5736
2016-09-30,89.9324
2016-10-31,92.5634
2016-11-30,95.2186
2016-12-31,95.7228
2017-01-31,93.1297
2017-02-28,94.2571
2017-03-31,93.9602
2017-04-30,93.7181
2017-05-31,92.0418
2017-06-30,90.4944
2017-07-31,87.7956
2017-08-31,87.7545
2017-09-30,88.1008
2017-10-31,89.7401
2017-11-30,88.6542
2017-12-31,87.4741
2018-01-31,84.855
2018-02-28,86.4919
2018-03-31,86.2665
2018-04-30,87.6277
2018-05-31,89.2677
2018-06-30,89.9735
2018-07-31,89.7843
2018-08-31,90.2569
2018-09-30,90.1109
2018-10-31,91.7392
2018-11-30,92.0345
2018-12-31,91.7941
2019-01-31,90.5297
2019-02-28,91.1604
2019-03-31,92.0715
2019-04-30,92.5432
2019-05-31,92.7575
2019-06-30,90.8599
2019-07-31,92.2976
2019-08-31,92.8788
2019-09-30,93.2535
2019-10-31,91.7069
2019-11-30,92.7133
2019-12-31,90.8221
