observation_date,RBUSBIS
1994-01-01,88.67
1994-02-01,88.18
1994-03-01,88.27
1994-04-01,88.19
1994-05-01,87.43
1994-06-01,87.13
1994-07-01,85.95
1994-08-01,85.72
1994-09-01,84.74
1994-10-01,84.06
1994-11-01,84.25
1994-12-01,86.11
1995-01-01,88.01
1995-02-01,87.24
1995-03-01,86.02
1995-04-01,82.60
1995-05-01,82.17
1995-06-01,82.22
1995-07-01,82.18
1995-08-01,84.24
1995-09-01,85.22
1995-10-01,85.22
1995-11-01,86.17
1995-12-01,86.36
1996-01-01,86.79
1996-02-01,86.77
1996-03-01,86.82
1996-04-01,86.67
1996-05-01,86.78
1996-06-01,87.08
1996-07-01,87.13
1996-08-01,86.51
1996-09-01,86.83
1996-10-01,87.37
1996-11-01,86.96
1996-12-01,87.47
1997-01-01,88.21
1997-02-01,89.71
1997-03-01,90.57
1997-04-01,90.78
1997-05-01,89.47
1997-06-01,89.16
1997-07-01,90.11
1997-08-01,91.65
1997-09-01,91.79
1997-10-01,92.26
1997-11-01,93.78
1997-12-01,96.76
1998-01-01,99.15
1998-02-01,97.65
1998-03-01,97.24
1998-04-01,97.07
1998-05-01,97.77
1998-06-01,99.91
1998-07-01,100.35
1998-08-01,102.10
1998-09-01,100.36
1998-10-01,97.37
1998-11-01,97.06
1998-12-01,96.15
1999-01-01,96.20
1999-02-01,97.23
1999-03-01,98.44
1999-04-01,98.12
1999-05-01,97.87
1999-06-01,98.43
1999-07-01,98.75
1999-08-01,97.64
1999-09-01,97.00
1999-10-01,96.59
1999-11-01,96.80
1999-12-01,96.70
2000-01-01,96.52
2000-02-01,97.92
2000-03-01,98.51
2000-04-01,98.97
2000-05-01,101.32
2000-06-01,100.53
2000-07-01,100.74
2000-08-01,101.27
2000-09-01,102.31
2000-10-01,103.88
2000-11-01,104.40
2000-12-01,103.28
2001-01-01,103.73
2001-02-01,104.57
2001-03-01,106.28
2001-04-01,107.06
2001-05-01,106.92
2001-06-01,107.70
2001-07-01,108.02
2001-08-01,106.16
2001-09-01,106.58
2001-10-01,106.87
2001-11-01,107.38
2001-12-01,106.95
2002-01-01,108.06
2002-02-01,108.74
2002-03-01,108.48
2002-04-01,108.24
2002-05-01,106.72
2002-06-01,105.50
2002-07-01,104.08
2002-08-01,105.31
2002-09-01,105.81
2002-10-01,106.57
2002-11-01,105.21
2002-12-01,104.28
2003-01-01,102.92
2003-02-01,103.25
2003-03-01,103.11
2003-04-01,102.09
2003-05-01,98.45
2003-06-01,98.44
2003-07-01,99.51
2003-08-01,100.87
2003-09-01,99.76
2003-10-01,97.48
2003-11-01,96.78
2003-12-01,95.11
2004-01-01,93.75
2004-02-01,94.42
2004-03-01,95.67
2004-04-01,96.37
2004-05-01,98.26
2004-06-01,97.59
2004-07-01,96.67
2004-08-01,96.74
2004-09-01,96.19
2004-10-01,95.04
2004-11-01,92.40
2004-12-01,90.90
2005-01-01,91.59
2005-02-01,91.77
2005-03-01,91.68
2005-04-01,92.94
2005-05-01,93.19
2005-06-01,94.30
2005-07-01,94.91
2005-08-01,93.93
2005-09-01,94.50
2005-10-01,95.60
2005-11-01,95.55
2005-12-01,94.38
2006-01-01,93.50
2006-02-01,93.65
2006-03-01,94.23
2006-04-01,93.95
2006-05-01,92.28
2006-06-01,93.73
2006-07-01,93.70
2006-08-01,93.01
2006-09-01,92.63
2006-10-01,92.43
2006-11-01,91.31
2006-12-01,90.24
2007-01-01,91.44
2007-02-01,91.22
2007-03-01,91.31
2007-04-01,90.37
2007-05-01,90.00
2007-06-01,89.89
2007-07-01,88.51
2007-08-01,88.48
2007-09-01,87.21
2007-10-01,85.32
2007-11-01,84.04
2007-12-01,84.43
2008-01-01,83.90
2008-02-01,82.76
2008-03-01,81.50
2008-04-01,81.27
2008-05-01,81.89
2008-06-01,82.41
2008-07-01,81.92
2008-08-01,83.57
2008-09-01,85.33
2008-10-01,90.14
2008-11-01,91.08
2008-12-01,89.56
2009-01-01,90.48
2009-02-01,92.93
2009-03-01,93.47
2009-04-01,91.27
2009-05-01,88.70
2009-06-01,88.36
2009-07-01,87.97
2009-08-01,86.75
2009-09-01,85.99
2009-10-01,84.76
2009-11-01,84.17
2009-12-01,84.11
2010-01-01,84.38
2010-02-01,85.16
2010-03-01,84.68
2010-04-01,84.22
2010-05-01,86.74
2010-06-01,87.37
2010-07-01,85.85
2010-08-01,84.97
2010-09-01,83.95
2010-10-01,81.26
2010-11-01,81.21
2010-12-01,81.71
2011-01-01,80.91
2011-02-01,80.24
2011-03-01,79.88
2011-04-01,78.84
2011-05-01,78.99
2011-06-01,78.96
2011-07-01,78.44
2011-08-01,78.86
2011-09-01,80.98
2011-10-01,81.47
2011-11-01,81.79
2011-12-01,82.10
2012-01-01,81.82
2012-02-01,80.50
2012-03-01,81.23
2012-04-01,81.56
2012-05-01,83.02
2012-06-01,84.19
2012-07-01,83.64
2012-08-01,83.06
2012-09-01,81.80
2012-10-01,81.32
2012-11-01,81.48
2012-12-01,80.51
2013-01-01,80.70
2013-02-01,81.39
2013-03-01,82.28
2013-04-01,81.80
2013-05-01,82.39
2013-06-01,83.06
2013-07-01,83.52
2013-08-01,83.26
2013-09-01,82.86
2013-10-01,81.70
2013-11-01,82.11
2013-12-01,82.06
2014-01-01,82.96
2014-02-01,83.04
2014-03-01,83.34
2014-04-01,83.18
2014-05-01,83.10
2014-06-01,83.38
2014-07-01,83.14
2014-08-01,83.61
2014-09-01,84.62
2014-10-01,85.40
2014-11-01,86.34
2014-12-01,87.77
2015-01-01,89.45
2015-02-01,90.56
2015-03-01,92.44
2015-04-01,91.93
2015-05-01,91.52
2015-06-01,92.40
2015-07-01,93.87
2015-08-01,95.19
2015-09-01,95.55
2015-10-01,94.62
2015-11-01,95.95
2015-12-01,96.42
2016-01-01,98.74
2016-02-01,97.35
2016-03-01,95.73
2016-04-01,94.49
2016-05-01,95.82
2016-06-01,96.43
2016-07-01,96.84
2016-08-01,95.98
2016-09-01,96.61
2016-10-01,97.39
2016-11-01,99.65
2016-12-01,101.16
2017-01-01,101.35
2017-02-01,99.83
2017-03-01,99.28
2017-04-01,98.55
2017-05-01,98.14
2017-06-01,96.84
2017-07-01,95.47
2017-08-01,94.27
2017-09-01,93.57
2017-10-01,95.03
2017-11-01,95.01
2017-12-01,94.38
2018-01-01,92.70
2018-02-01,91.69
2018-03-01,92.18
2018-04-01,92.43
2018-05-01,95.30
2018-06-01,96.91
2018-07-01,97.16
2018-08-01,97.63
2018-09-01,97.62
2018-10-01,98.16
2018-11-01,99.04
2018-12-01,98.55
2019-01-01,97.39
2019-02-01,97.11
2019-03-01,97.69
2019-04-01,98.02
2019-05-01,99.12
2019-06-01,98.75
2019-07-01,98.38
2019-08-01,99.98
2019-09-01,100.11
2019-10-01,99.42
2019-11-01,98.88
2019-12-01,98.12
2020-01-01,97.65
2020-02-01,98.76
2020-03-01,102.42
2020-04-01,104.42
2020-05-01,103.91
2020-06-01,101.77
2020-07-01,101.24
2020-08-01,99.94
2020-09-01,99.25
2020-10-01,98.56
2020-11-01,97.03
2020-12-01,95.07
2021-01-01,94.62
2021-02-01,94.99
2021-03-01,96.76
2021-04-01,96.82
2021-05-01,96.22
2021-06-01,97.19
2021-07-01,98.56
2021-08-01,98.78
2021-09-01,98.68
2021-10-01,99.50
2021-11-01,100.31
2021-12-01,101.02
2022-01-01,100.90
2022-02-01,100.83
2022-03-01,102.45
2022-04-01,103.17
2022-05-01,106.20
2022-06-01,107.43
2022-07-01,109.21
2022-08-01,108.71
2022-09-01,111.27
2022-10-01,113.00
2022-11-01,110.19
2022-12-01,107.45
2023-01-01,105.71
2023-02-01,106.21
2023-03-01,106.84
2023-04-01,105.97
2023-05-01,106.77
2023-06-01,107.27
2023-07-01,106.26
2023-08-01,107.73
2023-09-01,109.14
2023-10-01,110.47
2023-11-01,108.45
2023-12-01,106.67
2024-01-01,107.44
2024-02-01,108.06
2024-03-01,108.40
2024-04-01,109.71
2024-05-01,109.54
2024-06-01,111.04
2024-07-01,110.40
2024-08-01,109.34
2024-09-01,108.79
2024-10-01,110.03
2024-11-01,112.52
2024-12-01,113.45
2025-01-01,115.12
2025-02-01,114.23
2025-03-01,112.91
2025-04-01,111.40
2025-05-01,109.91
2025-06-01,108.72
2025-07-01,108.04
2025-08-01,108.71
2025-09-01,108.27
2025-10-01,108.50
2025-11-01,108.82
2025-12-01,107.51
2026-01-01,106.98
2026-02-01,105.88
