dyad,h,coef,se,lo90,hi90
US,0,-0.023976323860097182,0.028007749901235824,-0.07004907244763012,0.022096424727435747
US,1,-0.07657168783953239,0.04378803308114617,-0.14860300225801784,-0.004540373421046934
US,2,-0.12316886705366414,0.05045323450225411,-0.20616443780987215,-0.040173296297456126
US,3,-0.12821484876121758,0.056212817432631304,-0.22068493343789608,-0.03574476408453908
US,4,-0.13242890800802343,0.06164928776728345,-0.2338419863852047,-0.03101582963084215
US,5,-0.14242709129166542,0.06763446949601563,-0.2536857936126111,-0.031168388970719704
US,6,-0.17395882027358311,0.07056006971450479,-0.2900301349539435,-0.05788750559322273
US,7,-0.1373092487951908,0.07731053618393065,-0.2644850808177567,-0.010133416772624887
US,8,-0.07840380638981514,0.09196619301655189,-0.229688193902043,0.07288058112241272
US,9,-0.061386983270494966,0.0943642211694802,-0.2166161270942899,0.09384216055329997
US,10,-0.0487830162969658,0.09572335233645077,-0.2062479308904273,0.10868189829649572
US,11,0.007105819790467649,0.09089898145771108,-0.14242300470746708,0.15663464428840237
US,12,-0.01803264822547135,0.09181203971754406,-0.16906345356083133,0.13299815710988863
US,13,-0.03594644088525456,0.10046845416742037,-0.20121704799066106,0.12932416622015194
US,14,-0.07310200610663742,0.10511121577596831,-0.2460099560581053,0.09980594384483046
US,15,-0.04273585619239384,0.10370386904511805,-0.21332872077161305,0.12785700838682537
US,16,-0.0740585286721398,0.10205931285607381,-0.24194609832038122,0.09382904097610162
US,17,-0.05474740398994982,0.09271286574902118,-0.20726006814708967,0.09776526016719003
US,18,0.028437429321002128,0.08861963078607143,-0.11734186332208538,0.17421672196408963
US,19,0.09366319007767743,0.085890897460034,-0.0476273362440785,0.23495371639943335
US,20,0.11011419658484556,0.092474667619018,-0.04200663164843904,0.26223502481813016
US,21,0.10771807236210407,0.0963018695638954,-0.05069850307050386,0.26613464779471196
US,22,0.08234872808134241,0.09806455541301898,-0.0789674655730738,0.24366492173575863
US,23,0.08423915500043222,0.10325494692709271,-0.08561523269463528,0.2540935426954997
US,24,0.15107349562640593,0.10204911285497413,-0.016797295020026526,0.3189442862728384
US,25,0.20707676785696094,0.11600088697767354,0.01625530877868797,0.3978982269352339
US,26,0.17964385027698881,0.09355561661663729,0.025744860942620462,0.33354283961135717
US,27,0.22431480663044567,0.09352732434597703,0.07046235808131346,0.3781672551795779
US,28,0.2330559506604004,0.09707031516879336,0.07337528220773534,0.39273661911306545
US,29,0.2292854848060415,0.09919876729616667,0.06610351260384734,0.39246745700823565
US,30,0.1999841320566702,0.10145435550740808,0.0330917172469839,0.3668765468663565
US,31,0.19732236328582076,0.11018296444732399,0.0160713867699728,0.37857333980166874
US,32,0.25457574829488294,0.09639568245076359,0.09600485066337683,0.41314664592638906
US,33,0.28609807044540503,0.09695252000002148,0.1266111750453697,0.4455849658454404
US,34,0.30533585628381843,0.10525022854376997,0.13219923032931682,0.47847248223832006
US,35,0.2848623950071669,0.1079844873294635,0.10722791335019946,0.4624968766641344
US,36,0.20195927417171333,0.10023549421759889,0.03707188618376314,0.36684666215966355
US,37,0.2134942092775418,0.09626613635231157,0.05513641497798927,0.37185200357709436
US,38,0.17770519860914646,0.09860646582136434,0.015497562333002118,0.3399128348852908
US,39,0.18034801644898835,0.10719638492035974,0.004009963254996585,0.3566860696429801
US,40,0.13568976108717834,0.10879285982965912,-0.043274493332610936,0.3146540155069676
US,41,0.07936799922345017,0.10626285832098133,-0.0954344027145641,0.25417040116146444
US,42,0.11139559867478965,0.10384722650835307,-0.059433088931451133,0.28222428628103047
US,43,0.11258150529238264,0.10165869770080835,-0.054647052425447096,0.2798100630102124
US,44,0.12553557914861813,0.10301848555708781,-0.04392982959279132,0.2950009878900276
US,45,0.10224667155489442,0.10661187421652249,-0.07312986153128509,0.27762320464107393
US,46,0.08604723328880937,0.10059982045867674,-0.07943947136571389,0.2515339379433326
US,47,0.09955501398781053,0.10003702278889501,-0.06500588849992175,0.2641159164755428
US,48,0.055519152160741214,0.10762609681710113,-0.12152577710339013,0.23256408142487256
Japan,0,0.03068302072420437,0.044836877934320105,-0.04307364347775221,0.10443968492616094
Japan,1,0.0013317888039665604,0.0625067455253036,-0.10149180758515786,0.10415538519309098
Japan,2,-0.040809890501698476,0.09482731093203839,-0.19680081698490162,0.11518103598150467
Japan,3,-0.07115086416308714,0.11895380602296692,-0.26682987507086775,0.12452814674469345
Japan,4,-0.09923475093086154,0.1282863419001885,-0.31026578335667165,0.11179628149494855
Japan,5,-0.17041946112742323,0.13924351178395394,-0.39947503801202744,0.058636115757181
Japan,6,-0.14021871493650906,0.1389661496776981,-0.36881803115632245,0.08838060128330433
Japan,7,-0.14994167597124886,0.15717607314735152,-0.4084963162986421,0.10861296435614437
Japan,8,-0.22242222306671522,0.1864263414250859,-0.5290935547109815,0.08424910857755108
Japan,9,-0.2257656004737716,0.17958612074162553,-0.5211847690937456,0.06965356814620238
Japan,10,-0.21979952333554453,0.17542708195695414,-0.5083770731547341,0.068778026483645
Japan,11,-0.25548003698626687,0.1638890563555999,-0.5250775346912286,0.014117460718694963
Japan,12,-0.2463536165722644,0.16511080780623325,-0.5179608954135181,0.025253662268989285
Japan,13,-0.27905621972581685,0.18070819398044585,-0.5763211988236503,0.018208759372016603
Japan,14,-0.2835616140449133,0.19406686334681247,-0.6028016042504198,0.03567837616059322
Japan,15,-0.28944152181448146,0.21452225540865563,-0.6423306319617199,0.06344758833275704
Japan,16,-0.2478637670248105,0.19771925936063198,-0.57311194867305,0.0773844146234291
Japan,17,-0.20840294384021263,0.19749099858789826,-0.5332756365173053,0.11646974883688
Japan,18,-0.2752623137899093,0.19997715930583362,-0.6042247408480056,0.05370011326818702
Japan,19,-0.2846120219800383,0.201377287262895,-0.6158776595275006,0.04665361556742398
Japan,20,-0.26660035114501035,0.18422456483731578,-0.5696497603023949,0.036449058012374136
Japan,21,-0.2211242252299117,0.17029182996859568,-0.5012542855282516,0.059005835068428214
Japan,22,-0.11399688212225101,0.1607719183999441,-0.378466687890159,0.150472923645657
Japan,23,-0.10160959794961855,0.19363554166404712,-0.42014006398697606,0.21692086808773897
Japan,24,-0.17347363090368617,0.22301737728433585,-0.5403372165364186,0.1933899547290463
Japan,25,-0.16723184216493792,0.19207949918665682,-0.4832026183269884,0.14873893399711258
Japan,26,-0.11587779847286583,0.1809660185299804,-0.41356689895468357,0.1818113020089519
Japan,27,-0.04352968216539921,0.17631598351720174,-0.33356947505119605,0.24651011072039763
Japan,28,0.05126456673087887,0.19616108242121616,-0.2714204138520217,0.37394954731377944
Japan,29,0.114593761245942,0.24212363952115729,-0.2836996257663617,0.5128871482582458
Japan,30,0.08768440680341882,0.23200878845042383,-0.29397005019752837,0.469338863804366
Japan,31,0.1422762223890004,0.2298541318270853,-0.23583382446655493,0.5203862692445558
Japan,32,0.11118317303407821,0.20745074051343193,-0.23007329511051733,0.45243964117867375
Japan,33,0.07156757878829012,0.19857972868260595,-0.2550960748945967,0.3982312324711769
Japan,34,0.03884248687018044,0.19696250155306552,-0.28516082818461236,0.36284580192497323
Japan,35,0.11310694629560203,0.21380901976942338,-0.23860889122509943,0.4648227838163035
Japan,36,0.16346107680919886,0.2562214649568057,-0.2580232330447465,0.5849453866631442
Japan,37,0.1640260489505181,0.25032572547324505,-0.24775976945297,0.5758118673540062
Japan,38,0.13806055762438518,0.2536569950581302,-0.27920519924623904,0.5553263144950094
Japan,39,0.11977861516197663,0.27540322368179776,-0.3332596877945807,0.572816918118534
Japan,40,0.1315732648622543,0.29911812375536995,-0.3604760487153293,0.6236225784398379
Japan,41,0.25364131812762025,0.29626508615749647,-0.23371474860146146,0.740997384856702
Japan,42,0.3480425852758344,0.2743413067692036,-0.10324886435950548,0.7993340349111744
Japan,43,0.3524550929707857,0.22319493373470498,-0.014700573022803975,0.7196107589643754
Japan,44,0.3131333964740861,0.20831337068139832,-0.029542098296814145,0.6558088912449864
Japan,45,0.3003886831450018,0.17539329082947172,0.01186671973052078,0.5889106465594828
Japan,46,0.28300703831996543,0.16508659929520736,0.011439582479349342,0.5545744941605815
Japan,47,0.40258349359885415,0.1664669240880869,0.1287454034739512,0.676421583723757
Japan,48,0.4153861346690064,0.18688113600442305,0.10796666594173049,0.7228056033962824
Australia,0,0.2485311440541409,0.26862244862259016,-0.19335278393001992,0.6904150720383018
Australia,1,-0.4263648365940753,0.4878337087562238,-1.2288512874980635,0.37612161430991287
Australia,2,-0.345359539389392,0.6368831782600658,-1.3930323676272003,0.7023132888484163
Australia,3,-0.791070596251302,0.7052674544457856,-1.9512355588146195,0.3690943663120154
Australia,4,-1.0086289044484147,0.7218105006786432,-2.1960071780647827,0.17874936916795336
Australia,5,-1.2548644795115251,0.876930959800133,-2.697415908382744,0.18768694935969377
Australia,6,-1.497793689071841,0.888637943469923,-2.9596031060798644,-0.03598427206381771
Australia,7,-2.232424433053893,0.9269413317754485,-3.757242923824506,-0.7076059422832803
Australia,8,-2.4327717420583213,1.0624640016784137,-4.180525024819312,-0.6850184592973307
Australia,9,-2.4458497419127525,1.17043403670894,-4.371213732298959,-0.520485751526546
Australia,10,-2.6203354055087402,1.2287914982190224,-4.641697420079032,-0.5989733909384483
Australia,11,-2.443901421256669,1.2337740514857252,-4.473459735950687,-0.4143431065626513
Australia,12,-2.063528424001561,1.257516780215761,-4.1321435274564875,0.005086679453365939
Australia,13,-2.2911457313457504,1.2632520658296669,-4.369195379635553,-0.21309608305594852
Australia,14,-2.1805115900497185,1.3385384146093116,-4.382407282082037,0.021384101982599102
Australia,15,-2.7482759510221513,1.2986412315566844,-4.884540776932897,-0.6120111251114055
Australia,16,-2.1851498449432256,1.2829333741486997,-4.295575245417837,-0.07472444446861459
Australia,17,-2.476063262889511,1.3744168144119078,-4.7369789225971,-0.2151476031819226
Australia,18,-1.6579465891918517,1.101511805724037,-3.4699335096078925,0.15404033122418914
Australia,19,-1.628437117269641,1.078673381001331,-3.4028548290168303,0.1459805944775483
Australia,20,-1.7217828066713992,1.314253786059855,-3.883730284739861,0.4401646713970626
Australia,21,-2.046579926267441,1.541559760224983,-4.582445731837538,0.4892858793026562
Australia,22,-1.1207652312223217,1.4849970531955194,-3.563585383728951,1.3220549212843076
Australia,23,-0.2629796871660801,1.475343760178558,-2.689920172659808,2.163960798327648
Australia,24,-0.06424866754605318,1.4159178992476213,-2.3934336118083905,2.264936276716284
Australia,25,0.11011151539787534,1.4008489761392378,-2.1942850503511706,2.4145080811469213
Australia,26,0.12723690779967,1.611809588825164,-2.524189865817725,2.778663681417065
Australia,27,0.2868460617173696,1.8541965847385427,-2.763307320177533,3.3369994436122723
Australia,28,0.19028871966293082,2.0171221877402497,-3.12787727916978,3.5084547184956416
Australia,29,0.76032016984027,1.9131215442764615,-2.3867647704945094,3.9074051101750493
Australia,30,0.47399252537070424,1.5933029781365322,-2.146990873663891,3.0949759244052997
Australia,31,0.2617744672388653,1.5086057517738616,-2.219881994429137,2.7434309289068675
Australia,32,0.39102787160663866,1.6092902546870538,-2.256254597353565,3.0383103405668423
Australia,33,0.5243867783538008,1.8179659433768394,-2.4661671985011,3.5149407552087015
Australia,34,0.577594701317139,1.8068403173047194,-2.3946576206491246,3.5498470232834025
Australia,35,1.1495177647157107,1.5777467611585894,-1.445875657390169,3.7449111868215903
Australia,36,1.2075226438173559,1.4533348610087593,-1.1832132025420532,3.598258490176765
Australia,37,1.0184251871396555,1.2869369429130337,-1.0985860839522852,3.135436458231596
Australia,38,0.33673695525794756,1.2560687236414931,-1.7294960951323088,2.402970005648204
Australia,39,0.6155379544070456,1.2966304982458243,-1.5174192152073354,2.7484951240214266
Australia,40,0.646032568958617,1.2750296468977922,-1.451391200188251,2.743456338105485
Australia,41,0.6639017183661053,1.248056048139154,-1.3891504808228032,2.716953917555014
Australia,42,0.6433224811044056,1.2362956804161864,-1.3903839131802211,2.6770288753890323
Australia,43,0.18221187577364617,1.3813844108826738,-2.0901654801283525,2.454589231675645
Australia,44,0.7272326064012304,1.5744483190619742,-1.8627348784557172,3.317200091258178
Australia,45,1.286182919611747,1.9543845579353407,-1.9287796781918884,4.501145517415383
Australia,46,0.8931190529001469,1.5170965086371817,-1.602504703808017,3.3887428096083108
Australia,47,0.34830450120352907,1.3583112900380188,-1.8861175709090117,2.58272657331607
Australia,48,-0.546979365790321,1.3785904118445356,-2.814760593274582,1.72080186169394
South Korea,0,0.07129647602050682,0.07201619858333509,-0.04717017064907941,0.18976312269009304
South Korea,1,0.08946814726641605,0.09415993674672807,-0.06542494868195162,0.24436124321478372
South Korea,2,0.0976843587050098,0.130107877132295,-0.11634309917761546,0.311711816587635
South Korea,3,-0.11419510975338198,0.16994218975249015,-0.39375001189622827,0.1653597923894643
South Korea,4,-0.20496324505211305,0.19820706301823166,-0.5310138637171041,0.12108737361287802
South Korea,5,-0.21781135456240008,0.17819018163683212,-0.5109342033549888,0.07531149423018874
South Korea,6,-0.1806369900664322,0.20348752398588515,-0.5153739670232133,0.15409998689034887
South Korea,7,-0.12773846306527048,0.2171642196837753,-0.48497360444508086,0.2294966783145399
South Korea,8,-0.09594494469547499,0.2157479583112092,-0.4508503361174141,0.2589604467264641
South Korea,9,-0.10309106163140314,0.2182975379124052,-0.46219051149730966,0.2560083882345034
South Korea,10,-0.025006956911965972,0.18000976855641096,-0.321123026187262,0.2711091123633301
South Korea,11,-0.1220405896997363,0.18420443673950435,-0.42505688813622095,0.18097570873674834
South Korea,12,-0.1409774230169205,0.20548441667492642,-0.4789992884471745,0.19704444241333346
South Korea,13,-0.19126382061995173,0.2187634893750277,-0.5511297606418724,0.16860211940196884
South Korea,14,-0.2201967960645561,0.26467772480241986,-0.6555916533645367,0.21519806123542456
South Korea,15,-0.2627409252158941,0.23537326549636553,-0.6499299469574153,0.12444809652562722
South Korea,16,-0.4419198593591318,0.23313625077172354,-0.8254289918786171,-0.0584107268396466
South Korea,17,-0.3339551720837335,0.21979295984462086,-0.6955145910281348,0.027604246860667814
South Korea,18,-0.46065453845631055,0.2616247337693706,-0.8910272255069251,-0.030281851405695892
South Korea,19,-0.5514765239795452,0.3203854585086746,-1.0785106032263148,-0.02444244473277546
South Korea,20,-0.331556905628986,0.3152155093761742,-0.8500864185527925,0.18697260729482057
South Korea,21,-0.16882588336602566,0.3079656880442273,-0.6754294401987796,0.33777767346672827
South Korea,22,-0.07772951018569074,0.3159328746409788,-0.5974390889701009,0.4419800685987194
South Korea,23,-0.0016111627435293485,0.3109780895103507,-0.5131701199880563,0.5099477945009976
South Korea,24,-0.07219303783062969,0.3121188418763702,-0.5856285327172587,0.4412424570559993
South Korea,25,-0.16986656856261106,0.3417401529290955,-0.7320291201309731,0.39229598300575097
South Korea,26,-0.15274047493585385,0.3329274575348711,-0.7004061425807168,0.39492519270900905
South Korea,27,-0.10782743444337939,0.324168057522344,-0.6410838890676352,0.42542902018087647
South Korea,28,-0.23213735886361064,0.3341392359588196,-0.7817964020158689,0.3175216842886476
South Korea,29,-0.0884489374811892,0.30801988959070165,-0.5951416558578935,0.41824378089551506
South Korea,30,0.009452088748503229,0.30297632428393684,-0.4889439646985729,0.5078481421955794
South Korea,31,0.06951207473684917,0.2921330490170201,-0.4110467908961489,0.5500709403698472
South Korea,32,0.07745663675245851,0.3276918376920672,-0.4615964362509921,0.6165097097559091
South Korea,33,0.13829283781183221,0.28555123408499383,-0.33143894225798265,0.6080246178816471
South Korea,34,0.07005280261159896,0.2507528655146534,-0.3424356611600059,0.4825412663832038
South Korea,35,-0.08775361290508954,0.2723261006182443,-0.5357300484221015,0.36022282261192234
South Korea,36,-0.009616542092999225,0.28727778240981316,-0.4821884941571419,0.46295540997114343
South Korea,37,0.04238185870531197,0.30882186025276454,-0.46563010141048566,0.5503938188211096
South Korea,38,-0.07559079644761368,0.31451637756543227,-0.5929702375427498,0.44178864464752243
South Korea,39,-0.12425170840492683,0.35360477316929345,-0.7059315602684145,0.45742814345856087
South Korea,40,0.011893560996213637,0.34719361141188093,-0.5592399297763305,0.5830270517687578
South Korea,41,0.03912846981961593,0.3827525652025712,-0.5904994999386137,0.6687564395778456
South Korea,42,-0.11681081274127791,0.4043898621997216,-0.78203213605982,0.5484105105772642
South Korea,43,-0.09953329387235499,0.5093565076695681,-0.9374247489887945,0.7383581612440845
South Korea,44,-0.08343875950185975,0.6104665247944749,-1.0876561927887711,0.9207786737850516
South Korea,45,-0.12887814268538023,0.5452353250326606,-1.025790252364107,0.7680339669933465
South Korea,46,-0.23468201926584698,0.5226659813851341,-1.0944675586443926,0.6251035201126987
South Korea,47,-0.30327005920162264,0.603697696745202,-1.29635277034748,0.6898126519442347
South Korea,48,-0.39822143810306443,0.6986207727543207,-1.547452609283922,0.7510097330777932
France,0,-0.07984533393755555,0.19690866386186662,-0.40376008599032615,0.24406941811521504
France,1,0.13876119338237913,0.3457121700209644,-0.4299353263021073,0.7074577130668656
France,2,-0.00571577510163479,0.5127442178949123,-0.8491800135387656,0.837748463335496
France,3,-0.04318935514857003,0.5355028188433489,-0.924091492145879,0.837712781848739
France,4,-0.06216560814209515,0.5786059310254794,-1.0139723646790086,0.8896411483948184
France,5,0.12859545673200046,0.5079831666620579,-0.7070368524270848,0.9642277658910857
France,6,0.2897482151420263,0.4681498890025348,-0.4803583522671434,1.059854782551196
France,7,0.32491746764208074,0.46308570619642453,-0.4368585190510377,1.0866934543351991
France,8,0.17214108224106894,0.5209411062258092,-0.6848070375003873,1.0290892019825253
France,9,0.19550865619930846,0.6084075611249412,-0.8053217818512199,1.1963390942498369
France,10,0.3267804025381338,0.6649098251967774,-0.7669962599105651,1.4205570649868327
France,11,0.2442968626619404,0.683078474858572,-0.8793672284804106,1.3679609538042914
France,12,0.023433724483766127,0.6830565102357801,-1.100194234854092,1.1470616838216243
France,13,0.49335987266749726,0.8184458133476118,-0.8529834902893241,1.8397032356243186
France,14,0.20562624364356452,0.8120906648339713,-1.1302629000083182,1.5415153872954472
France,15,0.19403532620890473,0.7988442150344357,-1.120063407522742,1.5081340599405515
France,16,0.3080100234983547,0.8285501652841193,-1.0549549983940216,1.670975045390731
France,17,0.21937976896697364,0.7417923070294968,-1.0008685760965486,1.4396281140304958
France,18,0.029372238261203165,0.7885962202271779,-1.2678685440125046,1.326613020534911
France,19,0.10259719588975713,0.8930997982811157,-1.3665519722826782,1.5717463640621925
France,20,0.009860360782113275,0.9807864832797207,-1.6035334042130274,1.623254125777254
France,21,0.09352784922521096,0.9164955409883279,-1.4141073157005883,1.6011630141510103
France,22,-0.0601069929816731,0.9160025788759046,-1.5669312352325362,1.44671724926919
France,23,0.179654869800288,0.7716287567474766,-1.089674435049311,1.448984174649887
France,24,0.2771383549006714,0.7262582083691284,-0.9175563978665449,1.4718331076678877
France,25,0.44953645322311786,0.7517978124619162,-0.7871709482767344,1.6862438547229701
France,26,0.347522870031753,0.7315591830999808,-0.8558919861677154,1.5509377262312214
France,27,0.530999077429442,0.7382814630807707,-0.6834739293384258,1.7454720841973097
France,28,0.5227918996806693,0.7636119260250138,-0.7333497186304785,1.778933517991817
France,29,0.41764576120476704,0.7089809431487837,-0.7486278902749821,1.5839194126845162
France,30,0.37508460404387733,0.7147941199614509,-0.8007517232927095,1.5509209313804642
France,31,0.5846819508315093,0.6934058418950836,-0.5559706590859033,1.7253345607489219
France,32,0.5850707004428841,0.6701472791390868,-0.5173215737409136,1.6874629746266818
France,33,0.5189977674763213,0.6470202657522842,-0.5453505696861862,1.5833461046388289
France,34,0.4666770574367547,0.6303796033011356,-0.5702973899936135,1.5036515048671228
France,35,0.3518233749364299,0.636577033408477,-0.6953458450205148,1.3989925948933746
France,36,0.5518819328553946,0.6484943478363852,-0.514891269335459,1.6186551350462481
France,37,0.2986398774701229,0.617904004664233,-0.7178122102025404,1.3150919651427861
France,38,0.3978970845346339,0.5780212675045191,-0.5529479005103001,1.348742069579568
France,39,0.1764946439070627,0.5990648800453311,-0.8089670837675069,1.1619563715816323
France,40,0.2068023414030904,0.60313088027566,-0.7853479566503703,1.198952639456551
France,41,0.20350184539711336,0.602044780686709,-0.7868618188325229,1.1938655096267496
France,42,0.3207115306704509,0.5722964099826626,-0.6207160637510292,1.262139125091931
France,43,0.5784682907888055,0.5815692669846527,-0.3782131534009483,1.5351497349785592
France,44,0.28807454488196527,0.6261917731522173,-0.7420109219534321,1.3181600117173626
France,45,0.29257553925344837,0.679121381904851,-0.8245791339800317,1.4097302124869284
France,46,0.21841923410465824,0.7677984795090299,-1.0446092646876959,1.4814477328970124
France,47,0.3060418578725148,0.8023566414499244,-1.0138348173126108,1.6259185330576404
France,48,0.011458462368864275,0.7742499591120101,-1.2621827203703924,1.285099645108121
Germany,0,-0.20940400574545492,0.22214101885600807,-0.5748259817635881,0.15601797027267833
Germany,1,-0.564185120343609,0.37561983037028984,-1.182079741302736,0.053709500615517825
Germany,2,-0.552335129250423,0.5031560722530528,-1.380026868106695,0.27535660960584885
Germany,3,-0.5956607929874735,0.6391696286237882,-1.6470948320736052,0.4557732460986581
Germany,4,-0.6378671839265735,0.6792320933011787,-1.7552039774070125,0.47946960955386553
Germany,5,-0.2764567439771781,0.7703765508062806,-1.5437261700535099,0.9908126820991536
Germany,6,-0.39064966370278853,0.7065397948441061,-1.552907626221343,0.771608298815766
Germany,7,-0.5043888445761695,0.7831026823152725,-1.7925927569847928,0.7838150678324538
Germany,8,0.4029578651097836,0.8806161189351502,-1.0456556505385386,1.8515713807581058
Germany,9,0.8611062264026259,0.9680143551107613,-0.7312773877545764,2.453489840559828
Germany,10,1.2718879117928736,0.9786607691274312,-0.3380090534217506,2.881784877007498
Germany,11,0.9361654982239997,0.8812275415686838,-0.513453807656485,2.3857848041044845
Germany,12,1.1325775135228469,0.921538866639778,-0.3833539220995881,2.648508949145282
Germany,13,1.7248076792893698,0.8803011280801393,0.27671232359754083,3.172903034981199
Germany,14,1.881130301830126,0.9051137863277832,0.39221812332092254,3.3700424803393294
Germany,15,2.0822065098182065,0.9967425555898118,0.442565005872966,3.721848013763447
Germany,16,1.594485964411433,0.9943331495638208,-0.041192066621052126,3.2301639954439185
Germany,17,1.5822460172639694,1.030812416105148,-0.11344040722899895,3.2779324417569375
Germany,18,1.7898665638349485,1.1151496762180038,-0.04455465354366783,3.6242877812135648
Germany,19,1.6539528841458377,1.2965790530916679,-0.47891965818995574,3.7868254264816312
Germany,20,1.5481185931348591,1.3963750427352744,-0.7489183521646674,3.8451555384343856
Germany,21,1.6037992791061697,1.5279346678575516,-0.9096532495195029,4.117251807731842
Germany,22,1.843912922169693,1.4757178719379205,-0.5836429771681861,4.271468821507572
Germany,23,1.4202010388144117,1.6490196378494923,-1.292436265448003,4.132838343076827
Germany,24,1.7544155308096379,1.698115745842794,-1.0389848711017584,4.547815932721035
Germany,25,1.5901188941170403,1.7537567280901547,-1.2948109235912644,4.475048711825345
Germany,26,1.7550521108751127,1.7846588362949423,-1.1807116748300674,4.690815896580293
Germany,27,1.7794026626870618,1.7347232885104305,-1.0742171469125963,4.63302247228672
Germany,28,2.4018255662704178,1.7639762151719722,-0.4999153076874765,5.3035664402283125
Germany,29,2.1390226776093186,1.7415350633265487,-0.7258025015628542,5.0038478567814915
Germany,30,2.1298498780633963,1.8941072956234275,-0.9859566232371422,5.245656379363934
Germany,31,1.885461916874192,1.8545470975760971,-1.165268058638488,4.936191892386872
Germany,32,2.099236429978191,1.8464064289184765,-0.9381021455927026,5.136575005549085
Germany,33,1.938847377554339,1.6035813958866385,-0.6990440186791815,4.576738773787859
Germany,34,1.808700969999336,1.3985125432056866,-0.4918521635740185,4.10925410357269
Germany,35,1.467456862625113,1.4687527289686921,-0.9486413765283856,3.8835551017786116
Germany,36,1.4529939539970655,1.4360408213474947,-0.9092931971195632,3.8152811051136943
Germany,37,1.2062884053666494,1.4143947780776784,-1.1203910045711316,3.5329678153044304
Germany,38,1.663630802933767,1.3298081059447138,-0.5239035313452871,3.851165137212821
Germany,39,1.615141732378106,1.3231690294019651,-0.5614713209881264,3.7917547857443386
Germany,40,1.8078343971719733,1.3079842720208912,-0.34379973030239297,3.9594685246463395
Germany,41,1.1437003633436689,1.290502449836194,-0.9791761666368703,3.266576893324208
Germany,42,1.0377833954335074,1.2926601651396572,-1.0886425762212286,3.1642093670882434
Germany,43,1.2448733755700232,1.2982037201233843,-0.8906717440329439,3.3804184951729903
Germany,44,1.328284694442118,1.2124000275993716,-0.6661133509588482,3.322682739843084
Germany,45,1.6887104279667255,1.2026699725365808,-0.2896816768559498,3.667102532789401
Germany,46,2.060022986297554,1.24560750062892,0.010998647762980429,4.109047324832128
Germany,47,1.9878897225025867,1.3035659409995755,-0.15647625044171498,4.132255695446888
Germany,48,2.129866905572271,1.3792479740277632,-0.13899601170339926,4.398729822847942
India,0,-0.07207714787796249,0.09202932093878756,-0.22346538082226802,0.07931108506634305
India,1,-0.07763177339802496,0.13054211639259222,-0.2923735548638392,0.13711000806778925
India,2,-0.07592566271478063,0.16496148563381957,-0.3472873065824138,0.19543598115285254
India,3,-0.2962425755672484,0.21125304879980192,-0.6437538408429226,0.05126868970842574
India,4,-0.14688696676716972,0.25927664970483766,-0.5733970555316277,0.2796231219972882
India,5,-0.11498355812614136,0.2857914617859321,-0.5851105127639997,0.355143396511717
India,6,-0.07746952799607243,0.28123565275127027,-0.5401021767719121,0.38516312077976717
India,7,-0.0874028926682513,0.27709412538719536,-0.5432227289301876,0.36841694359368504
India,8,-0.010732843000141656,0.2947277540756652,-0.4955599984546109,0.4740943124543276
India,9,0.03392175179169499,0.31421339619105515,-0.48295928494259077,0.5508027885259807
India,10,-0.22850489634856785,0.3134784884519054,-0.7441770098519522,0.2871672171548165
India,11,-0.19583312868076064,0.3117052422931585,-0.7085882522530064,0.3169219948914851
India,12,-0.13172167883135444,0.3404304582772013,-0.6917297826973506,0.42828642503464176
India,13,-0.20087664044444864,0.3711494075195019,-0.8114174158140293,0.409664134925132
India,14,-0.3196859337508613,0.40592696645030996,-0.9874357935616211,0.34806392605989855
India,15,-0.4460768913586435,0.43631998309158065,-1.1638232635442938,0.2716694808270067
India,16,-0.4229043687594185,0.4653548306282708,-1.188413065142924,0.342604327624087
India,17,-0.37767173641577756,0.43961300038910706,-1.1008351220558588,0.34549164922430353
India,18,-0.3126045875910677,0.4262340746914909,-1.01375964045857,0.3885504652764348
India,19,-0.3945623390363835,0.45246388944329635,-1.138865437170606,0.34974075909783897
India,20,-0.4582446295946738,0.4514104335322698,-1.2008147927552577,0.28432553356590995
India,21,-0.5078020680857662,0.46251479682819946,-1.2686389088681542,0.2530347726966219
India,22,-0.4667310991485465,0.42530453845017496,-1.1663570648990844,0.23289486660199132
India,23,-0.419877211355697,0.42386525267881653,-1.1171355520123503,0.27738112930095615
India,24,-0.585335092250034,0.45824804040350536,-1.3391531187138002,0.16848293421373228
India,25,-0.6746769485100685,0.5129526126134197,-1.5184839962591439,0.1691300992390069
India,26,-0.33585623718590796,0.520352850336031,-1.191836675988679,0.520124201616863
India,27,-0.33369330457867363,0.5364699897869776,-1.2161864377782519,0.5487998286209045
India,28,-0.14083150208284678,0.4714565501134496,-0.9163775270194714,0.6347145228537778
India,29,-0.023976338555030452,0.44680697194539787,-0.7589738074052099,0.711021130295149
India,30,-0.05378664560817015,0.47410786347595585,-0.8336940810261175,0.7261207898097772
India,31,0.07528905648450746,0.5343395090483212,-0.8036994358999808,0.9542775488689957
India,32,0.39016909326460336,0.5229213146245578,-0.4700364692927943,1.250374655822001
India,33,0.9167952958835031,0.6982616848193253,-0.23184517564428697,2.065435767411293
India,34,1.0708207007330657,0.7098542049436716,-0.0968894663992741,2.2385308678654052
India,35,0.6970619048945537,0.5772780663334874,-0.25256051422403314,1.6466843240131404
India,36,0.8134811973941396,0.53092721814556,-0.059894076455306644,1.6868564712435858
India,37,0.9312517931005004,0.5765783080509385,-0.017219523643293377,1.8797231098442944
India,38,1.006750354198175,0.5688723253870266,0.07095537893651627,1.9425453294598338
India,39,1.0263141751172498,0.5229611213251931,0.16604313053730702,1.8865852196971926
India,40,0.8710229370910838,0.4712546044719706,0.09580911273469217,1.6462367614474753
India,41,0.7469711865619502,0.48244041462840037,-0.04664329550176849,1.5405856686256687
India,42,0.7426293359953888,0.41873548625178714,0.053809461111199,1.4314492108795787
India,43,0.5007812299184025,0.3655525530025242,-0.10055271977074987,1.1021151796075548
India,44,0.21643865610099056,0.38742066026751254,-0.42086833003906754,0.8537456422410487
India,45,0.17888643541550664,0.3815608359022801,-0.4487811396437442,0.8065540104747575
India,46,0.10912276390558873,0.3879286762966694,-0.5290199086024324,0.7472654364136099
India,47,-0.02705654635155952,0.3661166454095768,-0.6293184280503133,0.5752053353471943
India,48,-0.11069358291251774,0.3999844019027697,-0.7686679240425739,0.5472807582175384
Indonesia,0,0.1316076177222385,0.09454322985856009,-0.023915995395092843,0.2871312308395698
Indonesia,1,0.48754895181627944,0.24106451518689845,0.09099782433383147,0.8841000792987275
Indonesia,2,0.7047426938961507,0.28458244729291315,0.23660456809930858,1.172880819692993
Indonesia,3,0.7075211183923784,0.3190324958983371,0.18271266263961383,1.232329574145143
Indonesia,4,0.5297866888599856,0.29954724863362864,0.03703146485766645,1.0225419128623048
Indonesia,5,0.37087297155585475,0.27787833512118854,-0.08623688971850041,0.8279828328302099
Indonesia,6,0.34219363416832493,0.26152907836304146,-0.08802169973887825,0.7724089680755282
Indonesia,7,0.14380355096545827,0.2580669699588441,-0.2807166146168403,0.5683237165477568
Indonesia,8,0.2548226625508505,0.24995577765565288,-0.1563545916926985,0.6659999167943995
Indonesia,9,0.49525208172872226,0.2363865327950726,0.10639623528082781,0.8841079281766167
Indonesia,10,0.510769712218007,0.25950602263950895,0.08388230497601484,0.9376571194599992
Indonesia,11,0.48651566029775495,0.260218653895475,0.058455974639698594,0.9145753459558112
Indonesia,12,0.5715781075068662,0.27583156345535237,0.11783518562281159,1.0253210293909207
Indonesia,13,0.5643572479948489,0.2940630901417983,0.08062346471159065,1.048091031278107
Indonesia,14,0.5309933954295047,0.33112216928217963,-0.01370257303968081,1.0756893638986904
Indonesia,15,0.5658880443315866,0.36569121205330285,-0.03567399949609662,1.1674500881592698
Indonesia,16,0.5697216919593302,0.3616948709199366,-0.025266370703965424,1.164709754622626
Indonesia,17,0.4100771426551546,0.3432931707084756,-0.15464012316028775,0.974794408470597
Indonesia,18,0.2904455967695867,0.38767126395293033,-0.3472736324329837,0.9281648259721571
Indonesia,19,0.43601365140602866,0.36533879176672124,-0.16496866105022778,1.0369959638622852
Indonesia,20,0.5266554683125833,0.35465876630042037,-0.056758202251608214,1.1100691388767747
Indonesia,21,0.6207399333134163,0.39536841060298544,-0.0296411021284948,1.2711209687553273
Indonesia,22,0.5992350144224474,0.44337934225659015,-0.13012400358964338,1.3285940324345382
Indonesia,23,0.6550071137326086,0.4736020383409675,-0.12406823933828293,1.4340824668035
Indonesia,24,0.6078823330235537,0.47756639504771115,-0.17771438682993124,1.3934790528770384
Indonesia,25,0.5473124841391837,0.49724842921811624,-0.2706611819246175,1.365286150202985
Indonesia,26,0.5768864325518734,0.5357168897291928,-0.30436785105264885,1.4581407161563957
Indonesia,27,0.6815417270654507,0.5160330186474107,-0.16733258860953992,1.5304160427404412
Indonesia,28,0.6017877726490042,0.5319115870817486,-0.2732067881004723,1.4767823333984806
Indonesia,29,0.6432629483551864,0.5258989454029965,-0.22184081683274293,1.5083667135431158
Indonesia,30,0.6730440171668306,0.5498255653490286,-0.23141903783232143,1.5775070721659827
Indonesia,31,0.8448696283849131,0.5409567891129585,-0.045004289705903644,1.73474354647573
Indonesia,32,0.8978658363248542,0.5395730376200086,0.010268189439940012,1.7854634832097682
Indonesia,33,0.9383291135263789,0.5485585265859276,0.035950337292527945,1.84070788976023
Indonesia,34,0.9447835164428398,0.5577100818519204,0.027350431796430708,1.8622166010892487
Indonesia,35,0.9684639814531693,0.556307336358075,0.05333841314413579,1.8835895497622026
Indonesia,36,0.9384456549241804,0.5516835552019385,0.030926206616991636,1.8459651032313693
Indonesia,37,0.9542675376997067,0.5664140508056275,0.02251642412444954,1.886018651274964
Indonesia,38,0.9488630025762177,0.5702791082340715,0.01075386953117008,1.8869721356212654
Indonesia,39,1.0436346820715698,0.5455082230581333,0.1462736551409406,1.9409957090021992
Indonesia,40,0.8908737697320248,0.5240489904898676,0.028813180376192515,1.752934359087857
Indonesia,41,0.7545979368442204,0.48769852547764114,-0.04766613756649929,1.55686201125494
Indonesia,42,0.7336995029481841,0.4700323647456533,-0.03950373705841559,1.5069027429547837
Indonesia,43,0.6880529153204407,0.49014545212995153,-0.11823635343332961,1.494342184074211
Indonesia,44,0.5539138289950643,0.5808216581040613,-0.4015377985861166,1.509365456576245
Indonesia,45,0.6466299897738281,0.6546631740261213,-0.43029093149914144,1.7235509110467977
Indonesia,46,0.8280816646329185,0.6808255925800384,-0.2918764351612446,1.9480397644270817
Indonesia,47,0.8477379618325358,0.6980105805534139,-0.30048944317783,1.9959653668429016
Indonesia,48,0.794554915702065,0.7193680603840168,-0.3888055436296427,1.9779153750337728
Pakistan,0,-0.5719624044140801,1.0814046204306929,-2.35087300502257,1.2069481961944097
Pakistan,1,-0.4581237794482149,1.4710789619582008,-2.8780486718694553,1.9618011129730255
Pakistan,2,1.044808032864239,1.6519420489392431,-1.672636637640816,3.762252703369294
Pakistan,3,1.5467597762471996,1.7449218573670904,-1.3236366791216643,4.4171562316160635
Pakistan,4,2.477402215183247,1.9861595832873737,-0.7898302993244828,5.7446347296909765
Pakistan,5,3.4654587010736577,2.193501157335353,-0.14285070274299816,7.073768104890314
Pakistan,6,3.006263140414376,2.780221100654262,-1.5672005701618854,7.579726850990637
Pakistan,7,1.5266051400685683,2.9027043178091065,-3.248343462727412,6.301553742864549
Pakistan,8,1.1647658674628474,3.5588098924862988,-4.689476405677114,7.019008140602809
Pakistan,9,0.9128792054834776,3.701114995980624,-5.17545496290465,7.001213373871605
Pakistan,10,-0.6677691001677886,3.8813183438242493,-7.052537775758679,5.7169995754231016
Pakistan,11,0.08681579527910799,4.057125518257185,-6.587155682253961,6.760787272812177
Pakistan,12,1.779172336217016,4.1586003768128945,-5.061725283640196,8.620069956074229
Pakistan,13,1.5973274912685156,4.170390378109283,-5.262964680721255,8.457619663258285
Pakistan,14,2.698126648494508,3.8684714186372884,-3.6655088351638314,9.061762132152847
Pakistan,15,2.995115846861154,4.047400355009291,-3.66285773712913,9.653089430851438
Pakistan,16,3.4305714818183333,4.080147031802842,-3.2812703854973426,10.14241334913401
Pakistan,17,0.4933609864092432,5.10069658824699,-7.897284901257056,8.884006874075542
Pakistan,18,-1.337216462532524,4.456109028190654,-8.66751581390615,5.993082888841101
Pakistan,19,-0.29876982915448025,4.062847840782637,-6.982154527241918,6.384614868932958
Pakistan,20,-1.1620482372236438,4.369748288420692,-8.350284171675682,6.026187697228395
Pakistan,21,-2.4876052913605236,4.026613526131708,-9.111384541847183,4.136173959126136
Pakistan,22,-2.993594610132277,4.3340498516538135,-10.1231066161028,4.135917395838247
Pakistan,23,-4.413719755713828,4.803958397476772,-12.31623131956312,3.4887918081354625
Pakistan,24,-4.644213632214814,5.254849209190781,-13.28844058133365,4.00001331690402
Pakistan,25,-4.026555667805951,4.788940438008168,-11.904362688329387,3.851251352717485
Pakistan,26,-2.784963255224284,5.016380732783874,-11.036909560653758,5.46698305020519
Pakistan,27,-1.2645218936377205,5.089106539495871,-9.636102151108428,7.107058363832987
Pakistan,28,-0.6900041639455594,4.723009940541211,-8.459355516135851,7.079347188244733
Pakistan,29,-0.6970771861961111,5.31299912467875,-9.436960746292653,8.042806373900431
Pakistan,30,1.0731201184098609,4.827863105676354,-6.868714690427741,9.014954927247462
Pakistan,31,2.843281861045398,4.73070416071503,-4.938726483330827,10.625290205421623
Pakistan,32,2.134382323885802,4.377209092018767,-5.06612663248507,9.334891280256674
Pakistan,33,2.2430144528625533,4.225260806816443,-4.707539574350495,9.193568480075601
Pakistan,34,1.846618357929401,4.2327296980578915,-5.11622199537583,8.809458711234633
Pakistan,35,2.932790860591922,4.549405653465146,-4.550981439358243,10.416563160542086
Pakistan,36,3.6253323529381305,4.675727067560809,-4.0662386731994,11.316903379075661
Pakistan,37,3.7504567022551782,5.154873991184762,-4.7293110132437555,12.230224417754112
Pakistan,38,4.208280123013537,5.234263873074039,-4.4020839481932565,12.818644194220331
Pakistan,39,4.926838619168848,4.701323022975044,-2.806837753625099,12.660514991962796
Pakistan,40,3.428319733182434,4.151095925404762,-3.4002330641084004,10.256872530473268
Pakistan,41,2.505096335953567,3.7499425991395916,-3.663559239631061,8.673751911538195
Pakistan,42,-0.33550639590248466,3.2932166633468922,-5.752847807108123,5.081835015303153
Pakistan,43,-2.9731900858459994,3.6579377090127156,-8.990497617171917,3.044117445479918
Pakistan,44,-5.826690404326655,4.809203248260207,-13.737829747714695,2.084448939061386
Pakistan,45,-6.353933343722019,4.402894191902616,-13.596694289401825,0.888827601957785
Pakistan,46,-6.7021331352880225,4.485718809600902,-14.081140577081506,0.6768743065054617
Pakistan,47,-3.3737653452553786,4.214257863046938,-10.306219529967592,3.558688839456834
Pakistan,48,-2.3108754220884293,4.168760927446843,-9.168487147738485,4.546736303561627
Russia,0,0.0015470818143512588,0.2279519978846661,-0.3734339547059245,0.376528118334627
Russia,1,-0.3706039896896982,0.31315082512602627,-0.8857370970220114,0.144529117642615
Russia,2,-0.19466434825517354,0.41571133176839276,-0.8785094890141796,0.4891807925038325
Russia,3,-0.018224981453386135,0.5116101325155105,-0.8598236494414009,0.8233736865346286
Russia,4,0.42886113186978037,0.5323259585072834,-0.44681506987470077,1.3045373336142614
Russia,5,0.9768272435176186,0.5845791045410939,0.01519461654751919,1.938459870487718
Russia,6,1.1916389435100427,0.6726596471064114,0.08511382401999601,2.2981640630000895
Russia,7,0.6552224509032385,0.7210323383434581,-0.5308757456717501,1.841320647478227
Russia,8,0.5953558982764662,0.6861547990904838,-0.5333687462273797,1.724080542780312
Russia,9,0.5766613598971162,0.7159296359028265,-0.6010428911630334,1.7543656109572658
Russia,10,0.6122278751172416,0.7193827654503299,-0.571156774048551,1.7956125242830343
Russia,11,0.6417346488196927,0.7909052957140138,-0.6593045626298601,1.9427738602692455
Russia,12,0.43834470880028675,0.8578894677423895,-0.972883465635944,1.8495728832365175
Russia,13,0.5998653878850746,0.859403049942311,-0.813852629270027,2.013583405040176
Russia,14,0.35795846337714465,0.8591260368108239,-1.0553038671766606,1.7712207939309499
Russia,15,0.7333839508137316,0.8733425811739579,-0.7032645952174292,2.1700324968448923
Russia,16,0.7928938148070301,0.9052142495111972,-0.6961836256388894,2.28197125525295
Russia,17,0.9185984956384345,0.8787448595684484,-0.5269367983516631,2.364133789628532
Russia,18,1.1238362721378508,0.8894733534795085,-0.33934739433594086,2.5870199386116424
Russia,19,1.5551351095746213,0.946986732330221,-0.0026580651085923446,3.112928284257835
Russia,20,0.9744332228729036,0.992321085851742,-0.6579349633532119,2.606801409099019
Russia,21,0.8990636719609029,1.0308400657015686,-0.7966682361181776,2.5947955800399836
Russia,22,1.1232328902260633,1.0931112879386709,-0.6749351784330502,2.921400958885177
Russia,23,1.237973875933676,1.158128656402746,-0.6671477638488412,3.143095515716193
Russia,24,1.304283733057673,1.1808778877968844,-0.6382603923682018,3.246827858483548
Russia,25,1.38915422471473,1.2575224552622135,-0.6794702141916114,3.4577786636210712
Russia,26,1.1945781858594273,1.330172294268685,-0.9935552382125596,3.3827116099314143
Russia,27,1.5607878757582512,1.3128802606505685,-0.5989001530119342,3.7204759045284366
Russia,28,1.6812413334919256,1.3399550992556963,-0.5229848047836949,3.885467471767546
Russia,29,1.9451652338611893,1.2846642760723512,-0.1681075002778285,4.058437968000208
Russia,30,1.6568197078522644,1.3636412215356308,-0.5863701015738485,3.9000095172783773
Russia,31,1.4250252150086453,1.5065379228041438,-1.053229668004171,3.9032800980214617
Russia,32,1.3583665491896681,1.6075426845534253,-1.2860411669007163,4.002774265280053
Russia,33,1.3214253743062727,1.5448417206043354,-1.2198392560878593,3.8626900047004047
Russia,34,1.118031582882395,1.543245592362081,-1.4206074165532283,3.6566705823180183
Russia,35,1.542294168510125,1.350204377167998,-0.6787920319312315,3.7633803689514815
Russia,36,1.7842188022113987,1.2286672011756308,-0.2369387437225141,3.8053763481453116
Russia,37,1.9782681809665519,1.2200304343720132,-0.028681883575409906,3.9852182455085137
Russia,38,1.7852719928487204,1.1667323737282889,-0.1340027619343147,3.7045467476317553
Russia,39,2.0254959422090906,1.0656425157129539,0.27251400386128144,3.7784778805569
Russia,40,1.9621272363656317,1.0503387779151327,0.23431994669523837,3.689934526036025
Russia,41,1.9971377598849358,1.0420088837711579,0.2830331460813811,3.7112423736884903
Russia,42,1.7619309741276084,1.0996995213441856,-0.04707473848357702,3.5709366867387935
Russia,43,1.6540615316480398,1.0574775331678519,-0.08548901041307655,3.393612073709156
Russia,44,1.5877475136367138,1.0301525907533244,-0.10685349815250489,3.282348525425933
Russia,45,1.6178283282133634,1.045692775762968,-0.1023362879167189,3.337992944343446
Russia,46,1.6356811543373624,1.0044869103308247,-0.016699813156844323,3.288062121831569
Russia,47,2.1422101264979574,1.035271794609238,0.4391880243657609,3.845232228630154
Russia,48,2.021692660280678,1.0599845782428674,0.27801802907116113,3.765367291490195
Vietnam,0,-0.0004814182148038526,0.0895132525692002,-0.14773071869113819,0.14676788226153048
Vietnam,1,-0.187542496068545,0.13134967633116856,-0.4036127136333173,0.028527721496227287
Vietnam,2,-0.27470715356594155,0.15554319720707477,-0.5305757129715796,-0.018838594160303535
Vietnam,3,-0.2385659949482033,0.1568743068142621,-0.49662422965766445,0.019492239761257857
Vietnam,4,-0.26657046744549007,0.1634747741917722,-0.5354864709909553,0.002345536099975176
Vietnam,5,-0.20123328933095763,0.1740420841259056,-0.4875325177180724,0.08506593905615711
Vietnam,6,-0.1065757931060034,0.17583466618178054,-0.3958238189750324,0.18267223276302558
Vietnam,7,0.007873075829138543,0.20075735170204773,-0.32237276772073,0.33811891937900707
Vietnam,8,0.12953935097993963,0.19959716433343128,-0.19879798434855483,0.4578766863084341
Vietnam,9,0.046841981510624464,0.20968991126922631,-0.2980979225272528,0.39178188554850174
Vietnam,10,0.12157815941554873,0.21238476486198435,-0.22779477878241555,0.470951097613513
Vietnam,11,0.08968577410632861,0.21860733333071972,-0.2699232892227053,0.4492948374353625
Vietnam,12,-0.05845507406320394,0.23640997619692916,-0.44734948490715243,0.33043933678074455
Vietnam,13,-0.04923694356557462,0.22172275926614204,-0.4139708825583783,0.31549699542722903
Vietnam,14,-0.005700445337879501,0.22817341594924967,-0.38104571457439523,0.36964482389863623
Vietnam,15,0.014170263193136634,0.26692080261729484,-0.4249144571123134,0.45325498349858667
Vietnam,16,0.033751883614513645,0.2681697010838225,-0.4073872746683744,0.47489104189740167
Vietnam,17,0.09799136129186081,0.2523713000167774,-0.317159427235738,0.5131421498194596
Vietnam,18,0.07349984872053028,0.2684147192732926,-0.36804236448403604,0.5150420619250966
Vietnam,19,-0.03466592664244672,0.30690352102726115,-0.5395222187322913,0.4701903654473979
Vietnam,20,0.0007120466316337115,0.2806768525778192,-0.4610013758588789,0.4624254691221463
Vietnam,21,0.04402744618482757,0.2859699172145633,-0.426393067633129,0.5144479600027841
Vietnam,22,-0.07397202842821571,0.2877114854208506,-0.547257421945515,0.39931336508908355
Vietnam,23,0.0004604760756592441,0.2788538637471534,-0.45825412978840807,0.45917508193972656
Vietnam,24,-0.028443523480291333,0.2570990618878344,-0.4513714802857789,0.3944844333251962
Vietnam,25,-0.2140684987793975,0.25425063556560484,-0.6323107942848174,0.20417379672602248
Vietnam,26,-0.21662392923781226,0.2643702770613,-0.6515130350036508,0.21826517652802624
Vietnam,27,-0.20134457366066272,0.2520213400120828,-0.6159196779805389,0.21323053065921355
Vietnam,28,-0.22657623618397338,0.2591818835472258,-0.6529304346191598,0.19977796225121308
Vietnam,29,-0.19654683821545404,0.29762605565944844,-0.6861416997752467,0.29304802334433866
Vietnam,30,-0.1270172225249553,0.33491207854016786,-0.6779475917235314,0.4239131466736208
Vietnam,31,0.03608637838760842,0.32659639067709306,-0.5011646842762096,0.5733374410514265
Vietnam,32,0.06424141728575705,0.32445242075164715,-0.46948281485070253,0.5979656494222166
Vietnam,33,0.06591283835996364,0.28596488769825984,-0.4044994019036738,0.5363250786236011
Vietnam,34,0.047383859608999046,0.2693859528433934,-0.3957560328183831,0.4905237520363812
Vietnam,35,-0.009877552494799602,0.29645512104132865,-0.49754622660778525,0.47779112161818604
Vietnam,36,-0.061124635946271155,0.3226448322293516,-0.5918753849635545,0.4696261130710122
Vietnam,37,-0.09238345271933213,0.3278966006851237,-0.6317733608463606,0.44700645540769635
Vietnam,38,0.015327639160204853,0.325753122210212,-0.520536246875594,0.5511915251960037
Vietnam,39,-0.09604916748230607,0.3850807963251201,-0.7295070774371286,0.5374087424725165
Vietnam,40,-0.16064092541955688,0.4105505803304617,-0.8359966300631664,0.5147147792240526
Vietnam,41,-0.10707904734681506,0.42475695147152154,-0.805804232517468,0.5916461378238379
Vietnam,42,-0.16458098964267265,0.4534225569422263,-0.9104610958126349,0.5812991165272896
Vietnam,43,-0.19377780929835353,0.4385907577425804,-0.9152596057848983,0.5277039871881912
Vietnam,44,-0.1664602754281077,0.39488671244713763,-0.8160489174036492,0.48312836654743374
Vietnam,45,-0.1703331098747185,0.40865789811365844,-0.8425753522716867,0.5019091325222497
Vietnam,46,-0.058661307139118435,0.36431713243818065,-0.6579629899999256,0.5406403757216888
Vietnam,47,-0.11933403515877217,0.3610428948836621,-0.7132495972423963,0.474581526924852
Vietnam,48,-0.22975149495823644,0.43871383380882467,-0.951435751573753,0.49193276165728017
UK,0,-0.11353640698052914,0.13766677518261397,-0.33999825215592916,0.11292543819487086
UK,1,-0.44112534401119774,0.23062614718761595,-0.820505356134826,-0.06174533188756948
UK,2,-0.5468823818537203,0.319291426832032,-1.0721167789924129,-0.021647984715027713
UK,3,-0.562214022869739,0.3647168532777023,-1.1621732465115593,0.03774520077208132
UK,4,-0.8152160174340679,0.42703521599071137,-1.517688947738788,-0.11274308712934766
UK,5,-0.6815511269305716,0.4843046914749896,-1.4782323444069294,0.11513009054578627
UK,6,-0.8154140935930627,0.5000342176782404,-1.6379703816737683,0.00714219448764275
UK,7,-1.3904074536239932,0.547214512344979,-2.2905753264314836,-0.49023958081650276
UK,8,-1.157189433251915,0.6382202950956133,-2.207061818684199,-0.10731704781963125
UK,9,-0.5305401655341484,0.7015109099668848,-1.684525612429674,0.6234452813613771
UK,10,-0.561375274150123,0.6169086169741631,-1.5761899490726212,0.4534394007723752
UK,11,-0.822265708766281,0.636386800371434,-1.86912199537729,0.2245905778447279
UK,12,-0.834684921387634,0.7045778571224421,-1.9937154963540513,0.3243456535787834
UK,13,-0.6556243918448672,0.7826582829808851,-1.9430972673484233,0.6318484836586888
UK,14,-0.33384306513835327,0.7480410756470123,-1.5643706345776884,0.8966845043009819
UK,15,-0.39824474028137047,0.7960053564755125,-1.7076735516835886,0.9111840711208476
UK,16,-0.15300155560817075,0.802778680853704,-1.4735724856125139,1.1675693743961724
UK,17,-0.18540135973580618,0.8209595802393714,-1.5358798692295723,1.16507714975796
UK,18,-0.26723932391178096,0.8869888676732756,-1.7263360112343193,1.1918573634107574
UK,19,0.18115156484782347,0.9972592048349481,-1.4593398271056661,1.821642956801313
UK,20,0.3161961523692298,0.8535297136132036,-1.08786022652449,1.7202525312629497
UK,21,0.4910576063684857,0.7511111734549479,-0.7445202739649037,1.7266354867018752
UK,22,0.6640699758427218,0.7175000666499797,-0.5162176337964948,1.8443575854819383
UK,23,0.5839897339719755,0.7728884728845287,-0.6874118039230741,1.8553912718670251
UK,24,0.504806427483345,0.7906526504133362,-0.7958171824465929,1.805430037413283
UK,25,0.3314730466117908,0.799595721410966,-0.9838619151092483,1.6468080083328298
UK,26,0.1948287838658871,0.8370788864116309,-1.1821659842812458,1.57182355201302
UK,27,-0.010284085827152012,0.8692804110660757,-1.4402503620308464,1.4196821903765424
UK,28,0.314143508883717,0.7880494134778293,-0.9821977762873122,1.6104847940547462
UK,29,0.34451060052560933,0.6902309533966389,-0.7909193178118616,1.4799405188630803
UK,30,0.4468358097892633,0.6900833994511114,-0.6883513823078149,1.5820230018863415
UK,31,0.5223313991882605,0.7350059719612759,-0.6867534246880385,1.7314162230645596
UK,32,0.9362987389649788,0.6943848709337933,-0.2059643737211112,2.078561851651069
UK,33,0.9254437994568434,0.7218774658975133,-0.26204463194456595,2.1129322308582528
UK,34,1.2859159792587889,0.7306872787968213,0.08393540563801793,2.48789655287956
UK,35,1.3264827899947704,0.7235725348449775,0.13620597017478242,2.516759609814758
UK,36,1.1138810021730023,0.7538279031966736,-0.12616589858552563,2.35392790293153
UK,37,1.0436154723738582,0.8029475734801195,-0.27723328600093833,2.3644642307486547
UK,38,1.3140862721338635,0.8312155347085819,-0.0532632824617536,2.681435826729481
UK,39,1.4549274517084996,0.8273077860762371,0.09400614361308945,2.8158487598039095
UK,40,1.401631438451659,0.8349090396508678,0.028206068225981484,2.775056808677337
UK,41,1.3154276642708282,0.7964015613502257,0.005347095849707051,2.625508232691949
UK,42,1.5268408768333757,0.8392310615257565,0.1463057806235062,2.907375973043245
UK,43,1.5685298944663373,0.844722801125702,0.17896088661455756,2.958098902318117
UK,44,1.4649161432917026,0.8824304966746563,0.013317976261892905,2.9165143103215123
UK,45,1.5976809082276304,0.8989942843928704,0.11883531040135864,3.076526506053902
UK,46,1.78344187035691,0.9655206536331568,0.1951603951303671,3.3717233455834528
UK,47,1.9983398734839284,1.0073045361102595,0.3413239115825515,3.655355835385305
UK,48,2.1051913868886913,1.0806350068016624,0.3275468006999567,3.882835973077426
