date,coef,se
1995-05-31,0.006586193059038391,0.14975395870986924
1995-06-30,-0.03088998956521412,0.12052467317470493
1995-07-31,-0.011609611988097299,0.11608005523131257
1995-08-31,0.008218983676986842,0.10979493135805261
1995-09-30,-0.010573712414891752,0.11563488944300399
1995-10-31,-0.043208967519290556,0.12381469126192907
1995-11-30,-0.025723642468867953,0.13011336451048253
1995-12-31,-0.02452528790166016,0.1325965048568487
1996-01-31,0.012181648106937172,0.13996492974209254
1996-02-29,0.0686260635897501,0.1298249373787862
1996-03-31,0.0803129061380743,0.12745982638383563
1996-04-30,-0.0021181250477207273,0.07796742397508265
1996-05-31,0.014333730346414851,0.0761746962854917
1996-06-30,0.019939758886662818,0.07420384995673113
1996-07-31,0.027160350439713824,0.07916915664551961
1996-08-31,0.015138626957423832,0.07929018334540468
1996-09-30,0.013384277695521528,0.07739250612310442
1996-10-31,0.010409030262424589,0.0806360012373114
1996-11-30,-7.410734365872755e-05,0.0816464255436745
1996-12-31,-0.03887137214115673,0.08560176764884674
1997-01-31,-0.0923150052401011,0.0881350400472794
1997-02-28,-0.09676400358991201,0.08519974452282826
1997-03-31,-0.10885804553652796,0.08723577131097278
1997-04-30,-0.11633875258573909,0.08271525503859935
1997-05-31,-0.12133792094340339,0.08183426390022704
1997-06-30,-0.12384796570276171,0.08177076348766177
1997-07-31,-0.1205519167971326,0.08441693269990158
1997-08-31,-0.11962408564001556,0.08634806747894795
1997-09-30,-0.12962407892588784,0.08829594541024506
1997-10-31,-0.054336452881572746,0.09940132588869852
1997-11-30,-0.09003913691661085,0.07913010623716747
1997-12-31,-0.09662220004991089,0.06925015445628495
1998-01-31,-0.09575825793968863,0.07068970372339994
1998-02-28,-0.09858057530137761,0.06940479175525785
1998-03-31,-0.09304649006164137,0.06702007027595426
1998-04-30,-0.08620524056684895,0.06939269262082147
1998-05-31,-0.0773172092748524,0.06734036867157035
1998-06-30,-0.10220862196207252,0.06738246287408056
1998-07-31,-0.15201339404965286,0.06696348261573253
1998-08-31,-0.14289013320182192,0.066070656979071
1998-09-30,-0.15659662825877296,0.058213887396213485
1998-10-31,-0.1689883269115588,0.056876052795075405
1998-11-30,-0.17118658702335668,0.056401015572301115
1998-12-31,-0.16297197991480694,0.05662557612316895
1999-01-31,-0.17866995069089875,0.05279524358807314
1999-02-28,-0.19353344719021812,0.04655954434616271
1999-03-31,-0.1846837373257259,0.04733144675966835
1999-04-30,-0.26254434151189826,0.06336238317814792
1999-05-31,-0.2192776758481275,0.07099421767228907
1999-06-30,-0.25915979409200357,0.05946137255399518
1999-07-31,-0.24764308403050908,0.05223246120074214
1999-08-31,-0.24229794259105286,0.051275639188355766
1999-09-30,-0.2411659196446361,0.04990459062385965
1999-10-31,-0.23373059262828988,0.052577086577634144
1999-11-30,-0.2437773462852049,0.05754821221118955
1999-12-31,-0.24665282177718056,0.06504212994621639
2000-01-31,-0.24787936977732342,0.06697586141356214
2000-02-29,-0.223232202619948,0.07057013322998368
2000-03-31,-0.23008618725741878,0.07255466127400406
2000-04-30,-0.2410929008660678,0.07183707688764826
2000-05-31,-0.23556026519997744,0.0716758727847278
2000-06-30,-0.23124806504261422,0.06854389145834891
2000-07-31,-0.2223843362753719,0.06576929065862187
2000-08-31,-0.23668134745245434,0.06744974866802303
2000-09-30,-0.23127832656338787,0.06997288171935208
2000-10-31,-0.22343232058423335,0.07036587396774367
2000-11-30,-0.23520902175584765,0.07094074080372778
2000-12-31,-0.2419832649603035,0.06634859159692243
2001-01-31,-0.24525603130321585,0.06589066778237501
2001-02-28,-0.24829328094296832,0.06474092417556004
2001-03-31,-0.26800404072427186,0.06085318484143256
2001-04-30,-0.2518917461260005,0.06294690344537278
2001-05-31,-0.22261624100195931,0.06494840091138118
2001-06-30,-0.1975447814887188,0.06947846741327593
2001-07-31,-0.21813629005042534,0.062053771437291134
2001-08-31,-0.2041027574951406,0.05385720194328223
2001-09-30,-0.2217214180067759,0.05780583434119981
2001-10-31,-0.21725004627286498,0.059083247238652555
2001-11-30,-0.2155697704773514,0.05446781175594605
2001-12-31,-0.2204454902259004,0.05594695776970388
2002-01-31,-0.2149812682572298,0.05591719689857156
2002-02-28,-0.2116504658232194,0.055870819803948826
2002-03-31,-0.20627461458317167,0.054906251269328826
2002-04-30,-0.21458004158537342,0.05754357212015691
2002-05-31,-0.19640972460555967,0.05753987900505387
2002-06-30,-0.1929281918282896,0.0585254564975458
2002-07-31,-0.1860900418026294,0.059171604337501627
2002-08-31,-0.18392144195093577,0.061626312975854844
2002-09-30,-0.17697217885526367,0.06960266040129888
2002-10-31,-0.16742116672519822,0.06974984224023349
2002-11-30,-0.19485732573266898,0.07824649413908209
2002-12-31,-0.18305448924397075,0.07441729343653293
2003-01-31,-0.1845164679213231,0.07324072348748939
2003-02-28,-0.15388658617028517,0.08264570050555248
2003-03-31,-0.134695220808642,0.07663383954607655
2003-04-30,-0.1338188893718001,0.07757434769387234
2003-05-31,-0.1350641989578189,0.0790845883950863
2003-06-30,-0.15948348314099858,0.08350852359723195
2003-07-31,-0.1475263234711223,0.08273894279675371
2003-08-31,-0.13522094964945536,0.08357247704670318
2003-09-30,-0.09632212645185337,0.08155708682562693
2003-10-31,-0.059220496250988026,0.08221084476714814
2003-11-30,-0.06490255886574588,0.0805445072273752
2003-12-31,-0.024581651378234978,0.08136016580750577
2004-01-31,0.007529874088133084,0.08370185008125437
2004-02-29,0.009987674037187354,0.08532704074806853
2004-03-31,0.04962703270229827,0.0977307771144596
2004-04-30,0.05209273196196807,0.11154205351084932
2004-05-31,0.2501220773782653,0.07654896017965453
2004-06-30,0.10202008933305712,0.10074027004154708
2004-07-31,0.11585306012033993,0.10407316781444502
2004-08-31,0.09781431064711171,0.1090975556064792
2004-09-30,0.10341716728134365,0.11495134939734594
2004-10-31,0.07085060777065987,0.10998190832000396
2004-11-30,0.05291975812162349,0.11230185611037649
2004-12-31,0.03109138902083659,0.11279708553497353
2005-01-31,0.025689605911971985,0.11882523554528074
2005-02-28,0.02994746481932237,0.11900032217962023
2005-03-31,-0.022515950757083437,0.1169295038231037
2005-04-30,0.0010500092476119255,0.12372618132357839
2005-05-31,0.030077744171710642,0.11964406779862449
2005-06-30,-0.022621090606869173,0.10164707108537718
2005-07-31,-0.031838875721647925,0.1023928151206426
2005-08-31,-0.023174392789556623,0.10083843988452705
2005-09-30,-0.029917414918980298,0.09789003741638734
2005-10-31,-0.027687819913932456,0.09999323657069238
2005-11-30,-0.024342702029527975,0.0999076160273663
2005-12-31,-0.044969110105972016,0.09965465865901994
2006-01-31,-0.061323940426596085,0.10307847285478867
2006-02-28,-0.06976558931708637,0.1046933514104348
2006-03-31,-0.07153599429084673,0.10358700749282457
2006-04-30,-0.1334572581428171,0.10262156146870059
2006-05-31,-0.21575392568286572,0.10020709898981188
2006-06-30,-0.2597616515252454,0.10019271685200874
2006-07-31,-0.2815212744285131,0.09684342572085007
2006-08-31,-0.2588724168516748,0.0757074644591995
2006-09-30,-0.25066933724008283,0.07504235159663959
2006-10-31,-0.2119911913231808,0.07655974919845272
2006-11-30,-0.21333629741576843,0.07682030132492192
2006-12-31,-0.18825649698813268,0.08100184464177146
2007-01-31,-0.17913269904423168,0.07908041974895698
2007-02-28,-0.19184325010653355,0.07807059388008264
2007-03-31,-0.22572226499010753,0.0808771544860189
2007-04-30,-0.23746437744586604,0.08502070797174448
2007-05-31,-0.20238917417824384,0.08058722077150675
2007-06-30,-0.229290766126581,0.07783819984255556
2007-07-31,-0.22769668616381936,0.07556364763566936
2007-08-31,-0.2157919167022694,0.07973653036532914
2007-09-30,-0.17929415726757655,0.07503195162676206
2007-10-31,-0.16648104253316456,0.06962235964554249
2007-11-30,-0.1675811391271815,0.07042625314159986
2007-12-31,-0.16214508369561503,0.07902737866706216
2008-01-31,-0.1636535398150856,0.10254897728797226
2008-02-29,-0.14584322729297294,0.1065023674368737
2008-03-31,-0.1303257437589707,0.11413761955894794
2008-04-30,-0.07846390890463996,0.12289876915970856
2008-05-31,0.011244822266169407,0.14342859394899435
2008-06-30,-0.1388499849813021,0.14288480485436555
2008-07-31,-0.23963414182566542,0.14615849024438043
2008-08-31,-0.27105968355345145,0.15117895920094354
2008-09-30,-0.3696347885451146,0.16877702308973452
2008-10-31,-0.45130653913568636,0.18896183724563304
2008-11-30,-0.43234295562617214,0.17584641515941832
2008-12-31,-0.43200843927828714,0.17968503976513336
2009-01-31,-0.42420365559865764,0.18227663572248243
2009-02-28,-0.4239299298998874,0.1903936073369494
2009-03-31,-0.4271130540929141,0.19110612000872884
2009-04-30,-0.40484776863998856,0.1764470030450002
2009-05-31,-0.4159101726189189,0.18440359184773145
2009-06-30,-0.48789241170504694,0.19168102418114086
2009-07-31,-0.359380580294444,0.18594304762782302
2009-08-31,-0.20626079617641782,0.16931987302623622
2009-09-30,-0.2031219380847242,0.16845569409633748
2009-10-31,-0.2003287605722713,0.1687613637745398
2009-11-30,-0.1988944820035051,0.16644928388988325
2009-12-31,-0.22383644677839692,0.16410499524553201
2010-01-31,-0.2354585274690181,0.16194689728565495
2010-02-28,-0.25520681153207747,0.15482019144047632
2010-03-31,-0.24804151403703634,0.18323416722482547
2010-04-30,-0.24998244305867087,0.18415627620880595
2010-05-31,-0.23686411148156306,0.17630314212612208
2010-06-30,-0.2478624675532233,0.1678093010274668
2010-07-31,-0.26582470917999856,0.17246096538720923
2010-08-31,-0.24356623664927696,0.16800047764046455
2010-09-30,-0.2175898002979269,0.1620196632453866
2010-10-31,-0.22155455477587527,0.16384350375841655
2010-11-30,-0.22887156658391633,0.16501550918001226
2010-12-31,-0.22861105571056378,0.1694519754565818
2011-01-31,-0.15011888054639166,0.17406448252557816
2011-02-28,-0.05931329206304628,0.14172263101935953
2011-03-31,-0.03041418918892053,0.13991777131467403
2011-04-30,-0.021584270050825007,0.14024688499075078
2011-05-31,-0.027554132707258767,0.14641331712717803
2011-06-30,0.032390094703470415,0.14658262004478828
2011-07-31,0.08908974552125565,0.15063297500718797
2011-08-31,0.129206445102794,0.1613592522138261
2011-09-30,0.12566022615033295,0.16138089665746755
2011-10-31,0.09679958316165883,0.1590006884791731
2011-11-30,0.01877886772331845,0.15619450996361403
2011-12-31,-0.04370930248858235,0.1623244462695613
2012-01-31,-0.015359771621429158,0.16544034973188654
2012-02-29,-0.025722867076554794,0.16129588779188533
2012-03-31,0.042219797036831944,0.16409571332257666
2012-04-30,0.04122095801004831,0.1728526909462493
2012-05-31,0.06923892611833776,0.18159989404749197
2012-06-30,0.10042714844672081,0.18423705273871752
2012-07-31,0.13623388468882006,0.19027958850819757
2012-08-31,0.1173207658108947,0.19269552645324717
2012-09-30,0.23062958983672666,0.19129613057649936
2012-10-31,0.2590522083057387,0.18616444040461708
2012-11-30,0.24705533033829394,0.17711458284405152
2012-12-31,0.26447027518596145,0.17257948973839599
2013-01-31,0.24126761146828568,0.17622327079893446
2013-02-28,0.13772743631464415,0.16273551875112247
2013-03-31,0.006957523903416812,0.1621193220313489
2013-04-30,-0.17024724157655732,0.12479697344001003
2013-05-31,-0.09523712124936276,0.1128619342504405
2013-06-30,-0.09783272182268074,0.11710978639782724
2013-07-31,-0.09986912758898525,0.11276803661611833
2013-08-31,-0.10834468480350555,0.10779807621956207
2013-09-30,-0.07698473533147217,0.08985622595493091
2013-10-31,-0.0888566407017929,0.09145803178252507
2013-11-30,-0.09406513494939855,0.08899435862710188
2013-12-31,-0.06651454675998925,0.08759466158599989
2014-01-31,-0.039952261566780195,0.09113287896846735
2014-02-28,0.027877043197790864,0.09026588013252781
2014-03-31,0.032878088533334265,0.09272502869811285
2014-04-30,0.050010479530205834,0.08986461848959396
2014-05-31,0.11394390464923171,0.09151733685625753
2014-06-30,0.06289082303785404,0.09754189386326756
2014-07-31,0.17504540251943487,0.12468860644249641
2014-08-31,0.2823799784421145,0.14281358221767645
2014-09-30,0.2895082799743234,0.15515051423901682
2014-10-31,0.23501077940748985,0.15163628774000093
2014-11-30,0.2790146042584598,0.16916980714230417
2014-12-31,0.30879047861267883,0.2136473417539102
2015-01-31,0.43367821588538585,0.2206177476057825
2015-02-28,0.2441820123546303,0.21282244969317765
2015-03-31,0.15111814231958254,0.20158335632355256
2015-04-30,0.09412000272676768,0.20696968850815062
2015-05-31,0.08503031955504295,0.18012600257610104
2015-06-30,0.12112306223660443,0.16348170141541904
2015-07-31,0.09974020801538316,0.14713015977819985
2015-08-31,0.11657402699149648,0.14346543827483169
2015-09-30,0.051643896239296584,0.15744623540365651
2015-10-31,0.11333465483846682,0.14311515334421182
2015-11-30,0.17776595927440828,0.16064321146060476
2015-12-31,0.3034030387933256,0.16509378780995795
2016-01-31,0.3854793123100961,0.16104797063191806
2016-02-29,0.17176676811622513,0.1472337371631203
2016-03-31,0.17980968732107122,0.14341090931308648
2016-04-30,0.13586725588510254,0.13431201124406525
2016-05-31,0.24147095295408078,0.15396223951459992
2016-06-30,0.1745906041469465,0.16337017249312408
2016-07-31,0.13832355722338563,0.17780457744000905
2016-08-31,0.07690288573273989,0.17006425507864673
2016-09-30,0.030838510424439934,0.20179919502799112
2016-10-31,0.1035414879359553,0.21344314878413256
2016-11-30,0.0963193737116634,0.23907492603578004
2016-12-31,0.07452930132593238,0.23318364920353504
2017-01-31,0.06286596050788529,0.2399670511821541
2017-02-28,0.16416996133860418,0.23816497049561455
2017-03-31,0.1883769118521231,0.22947513509682022
2017-04-30,0.20164805866487975,0.2656070865146425
2017-05-31,-0.04522664121109674,0.2501668407475106
2017-06-30,-0.09056606574663628,0.23184846295039285
2017-07-31,-0.04050164669530689,0.22277862981973146
2017-08-31,-0.04572129382405111,0.23165265273282165
2017-09-30,-0.11164619187015533,0.20768987348651
2017-10-31,0.0152510777257388,0.15121733657318007
2017-11-30,-0.018151778320916672,0.15766129543978677
2017-12-31,-0.038583203729325326,0.1298785488086847
2018-01-31,-0.022006031377122825,0.13288329791469664
2018-02-28,-0.02318753254499523,0.13039698486841256
2018-03-31,-0.057952281045715655,0.14798497291590404
2018-04-30,0.03811966057016528,0.14831778849273977
2018-05-31,-0.004149281166900412,0.16070553404701168
2018-06-30,-0.19067810097853724,0.19837540681738813
2018-07-31,-0.14350970104696997,0.19355033700191385
2018-08-31,-0.11344715261369982,0.16964682164741984
2018-09-30,-0.11036333891676542,0.1650583359685936
2018-10-31,-0.10007811112988334,0.1649766858139089
2018-11-30,-0.10438539190475542,0.16067222314040108
2018-12-31,-0.11826992066891906,0.15540317611899626
2019-01-31,-0.10061162851645246,0.15690468495567397
2019-02-28,-0.1062809541787414,0.15569524629049392
2019-03-31,-0.07787761670198097,0.15933300763954697
2019-04-30,-0.10680703367964603,0.15707192805920533
2019-05-31,-0.037064599682452244,0.12919004588249136
2019-06-30,-0.05525631972707847,0.10958799892956139
2019-07-31,-0.03703198256819198,0.1106819012326919
2019-08-31,-0.03745243420203841,0.11315734329195486
2019-09-30,-0.004897294611311147,0.11686356585908778
2019-10-31,0.005332318023629975,0.11425167235651014
2019-11-30,-0.009519994820896717,0.1424078762047545
2019-12-31,-0.04245717448433374,0.15701819251767166
2020-01-31,0.021962671222205337,0.14372134033293976
2020-02-29,0.028195168201289682,0.13373567522528598
2020-03-31,0.0013371300343193253,0.14038970494095726
2020-04-30,0.022695836879443657,0.1468710725816085
2020-05-31,0.0061386194839933945,0.1466465416329912
2020-06-30,-0.019691945624831925,0.15334773634061055
2020-07-31,0.0028636515301560003,0.15373381573823128
2020-08-31,-0.05897245045451634,0.1767383686345498
2020-09-30,-0.05910175908333446,0.19432367453444208
2020-10-31,-0.05655013139232679,0.1974457421594831
2020-11-30,-0.0723877677518187,0.19576453749499415
2020-12-31,-0.04607037331121898,0.20430740983078988
2021-01-31,-0.038581068393642,0.2039023359639355
2021-02-28,-0.04505619364769537,0.2090126907736103
2021-03-31,-0.026074802183614503,0.19869577823268902
2021-04-30,-0.07280803218507875,0.22084299741098856
2021-05-31,-0.0769028587268319,0.22891181740015798
2021-06-30,-0.10672230328171077,0.23748360275884878
2021-07-31,-0.10536958243201834,0.23722829757077965
2021-08-31,-0.08310261379084308,0.240424576684187
