Unnamed: 0,bertopic_0,bertopic_1,bertopic_2,bertopic_3,bertopic_4,bertopic_5,bertopic_6,bertopic_7,bertopic_8,bertopic_9,bertopic_10,bertopic_11,bertopic_12,bertopic_13,bertopic_14,bertopic_15,bertopic_16,bertopic_17,bertopic_18,bertopic_19,bertopic_20,bertopic_conflict,date
2015-04-01,0.24,0.0,0.12,0.2,0.08,0.0,0.12,0.0,0.04,0.0,0.0,0.08,0.0,0.0,0.04,0.0,0.04,0.0,0.0,0.0,0.04,0.68,2015-04-01
2015-05-01,1.0,0.0,0.0,0.0,0.0,0.0,0.0,0.0,0.0,0.0,0.0,0.0,0.0,0.0,0.0,0.0,0.0,0.0,0.0,0.0,0.0,1.0,2015-05-01
2015-06-01,0.2222222222222222,0.0555555555555555,0.0,0.1111111111111111,0.1111111111111111,0.0,0.1111111111111111,0.0,0.1666666666666666,0.0,0.0,0.0,0.0,0.0,0.0,0.0,0.1111111111111111,0.0,0.0555555555555555,0.0,0.0555555555555555,0.5555555555555556,2015-06-01
2015-07-01,0.2105263157894736,0.0,0.0526315789473684,0.3157894736842105,0.0526315789473684,0.0,0.1052631578947368,0.0,0.1052631578947368,0.0,0.0,0.0,0.0,0.0,0.0,0.0,0.0,0.0,0.1052631578947368,0.0,0.0526315789473684,0.6842105263157893,2015-07-01
2015-08-01,0.3076923076923077,0.0769230769230769,0.3076923076923077,0.0,0.1538461538461538,0.0,0.0,0.0,0.0,0.0,0.0,0.0,0.0,0.0,0.0769230769230769,0.0,0.0769230769230769,0.0,0.0,0.0,0.0,0.5384615384615384,2015-08-01
2015-09-01,0.4761904761904761,0.0,0.0952380952380952,0.238095238095238,0.0,0.0,0.0,0.0476190476190476,0.0,0.0476190476190476,0.0,0.0,0.0,0.0,0.0,0.0,0.0,0.0,0.0,0.0476190476190476,0.0476190476190476,0.7142857142857141,2015-09-01
2015-10-01,0.6666666666666666,0.0,0.0833333333333333,0.0833333333333333,0.0833333333333333,0.0833333333333333,0.0,0.0,0.0,0.0,0.0,0.0,0.0,0.0,0.0,0.0,0.0,0.0,0.0,0.0,0.0,0.8333333333333331,2015-10-01
2015-11-01,0.625,0.0625,0.0625,0.0625,0.0,0.0,0.125,0.0,0.0625,0.0,0.0,0.0,0.0,0.0,0.0,0.0,0.0,0.0,0.0,0.0,0.0,0.8125,2015-11-01
2015-12-01,0.1666666666666666,0.0833333333333333,0.0833333333333333,0.25,0.1666666666666666,0.0,0.0833333333333333,0.0833333333333333,0.0,0.0,0.0,0.0,0.0,0.0,0.0,0.0,0.0,0.0,0.0833333333333333,0.0,0.0,0.6666666666666665,2015-12-01
2016-01-01,0.3333333333333333,0.0,0.0,0.1111111111111111,0.0,0.1111111111111111,0.0,0.0,0.0,0.0,0.3333333333333333,0.1111111111111111,0.0,0.0,0.0,0.0,0.0,0.0,0.0,0.0,0.0,0.7777777777777777,2016-01-01
2016-02-01,0.5,0.0,0.0,0.1428571428571428,0.1428571428571428,0.0,0.0714285714285714,0.0,0.0,0.0,0.0714285714285714,0.0,0.0,0.0,0.0714285714285714,0.0,0.0,0.0,0.0,0.0,0.0,0.9999999999999998,2016-02-01
2016-03-01,0.4705882352941176,0.0,0.0588235294117647,0.1176470588235294,0.0588235294117647,0.0,0.0,0.0,0.0,0.0,0.0588235294117647,0.0,0.0,0.0,0.0,0.0,0.0588235294117647,0.0,0.0,0.1176470588235294,0.0588235294117647,0.7058823529411764,2016-03-01
2016-04-01,0.5,0.0,0.0714285714285714,0.0714285714285714,0.1428571428571428,0.0714285714285714,0.0,0.0714285714285714,0.0,0.0,0.0,0.0,0.0,0.0,0.0,0.0714285714285714,0.0,0.0,0.0,0.0,0.0,0.7142857142857142,2016-04-01
2016-05-01,0.4444444444444444,0.0,0.1111111111111111,0.0,0.3333333333333333,0.0,0.0,0.1111111111111111,0.0,0.0,0.0,0.0,0.0,0.0,0.0,0.0,0.0,0.0,0.0,0.0,0.0,0.7777777777777777,2016-05-01
2016-06-01,0.5,0.0833333333333333,0.0833333333333333,0.0,0.1666666666666666,0.0,0.0,0.0,0.0,0.0833333333333333,0.0,0.0,0.0,0.0,0.0,0.0,0.0833333333333333,0.0,0.0,0.0,0.0,0.6666666666666666,2016-06-01
2016-07-01,0.0,0.0,0.0,0.0,0.0,0.0,0.0,0.0,0.0,0.0,0.0,0.0,0.0,0.0,0.0,0.0,0.0,0.0,0.0,0.0,0.0,0.0,2016-07-01
2016-08-01,0.2142857142857142,0.0,0.2142857142857142,0.0,0.0,0.1428571428571428,0.0,0.1428571428571428,0.0714285714285714,0.0,0.0,0.0,0.0,0.0,0.0,0.0,0.0,0.0,0.1428571428571428,0.0714285714285714,0.0,0.2142857142857142,2016-08-01
2016-09-01,0.3,0.0,0.2,0.1,0.05,0.1,0.0,0.0,0.0,0.05,0.05,0.05,0.05,0.0,0.0,0.0,0.05,0.0,0.0,0.0,0.0,0.5,2016-09-01
2016-10-01,0.5,0.0,0.0714285714285714,0.0,0.0714285714285714,0.0,0.0,0.0,0.1428571428571428,0.0714285714285714,0.0,0.0,0.0,0.0,0.0,0.0714285714285714,0.0,0.0,0.0714285714285714,0.0,0.0,0.5714285714285714,2016-10-01
2016-11-01,0.4,0.1,0.2,0.1,0.0,0.0,0.0,0.2,0.0,0.0,0.0,0.0,0.0,0.0,0.0,0.0,0.0,0.0,0.0,0.0,0.0,0.5,2016-11-01
2016-12-01,0.5909090909090909,0.0,0.0454545454545454,0.0,0.0909090909090909,0.0454545454545454,0.0909090909090909,0.0454545454545454,0.0454545454545454,0.0,0.0,0.0,0.0454545454545454,0.0,0.0,0.0,0.0,0.0,0.0,0.0,0.0,0.7727272727272728,2016-12-01
2017-01-01,0.40625,0.0,0.125,0.0625,0.09375,0.09375,0.0,0.03125,0.03125,0.0,0.03125,0.0625,0.0,0.0,0.0,0.03125,0.0,0.0,0.03125,0.0,0.0,0.59375,2017-01-01
2017-02-01,0.45,0.0,0.15,0.05,0.0,0.0,0.1,0.1,0.05,0.0,0.05,0.0,0.0,0.0,0.05,0.0,0.0,0.0,0.0,0.0,0.0,0.7000000000000001,2017-02-01
2017-03-01,0.3076923076923077,0.0,0.2307692307692307,0.0769230769230769,0.1153846153846153,0.0,0.0384615384615384,0.0384615384615384,0.0769230769230769,0.0,0.0384615384615384,0.0,0.0384615384615384,0.0,0.0,0.0384615384615384,0.0,0.0,0.0,0.0,0.0,0.5769230769230768,2017-03-01
2017-04-01,0.3333333333333333,0.0,0.0606060606060606,0.1212121212121212,0.0303030303030303,0.0303030303030303,0.0,0.0303030303030303,0.0303030303030303,0.0,0.303030303030303,0.0606060606060606,0.0,0.0,0.0,0.0,0.0,0.0,0.0,0.0,0.0,0.7878787878787878,2017-04-01
2017-05-01,0.5,0.0625,0.03125,0.09375,0.0,0.0,0.0,0.0,0.03125,0.03125,0.1875,0.0,0.03125,0.0,0.03125,0.0,0.0,0.0,0.0,0.0,0.0,0.8125,2017-05-01
2017-06-01,0.1578947368421052,0.0,0.1052631578947368,0.0526315789473684,0.1052631578947368,0.0,0.0526315789473684,0.3157894736842105,0.0,0.0,0.0526315789473684,0.1052631578947368,0.0526315789473684,0.0,0.0,0.0,0.0,0.0,0.0,0.0,0.0,0.42105263157894723,2017-06-01
2017-07-01,0.4375,0.0,0.0625,0.125,0.0,0.0625,0.0625,0.125,0.0,0.0625,0.0625,0.0,0.0,0.0,0.0,0.0,0.0,0.0,0.0,0.0,0.0,0.6875,2017-07-01
2017-08-01,1.0,0.0,0.0,0.0,0.0,0.0,0.0,0.0,0.0,0.0,0.0,0.0,0.0,0.0,0.0,0.0,0.0,0.0,0.0,0.0,0.0,1.0,2017-08-01
2017-09-01,0.0,0.0,0.0,0.0,0.0,0.0,0.0,0.0,0.0,0.0,0.0,0.0,0.0,0.0,0.0,0.0,0.0,0.0,0.0,0.0,0.0,0.0,2017-09-01
2017-10-01,0.0,0.0,0.0,0.0,0.0,0.0,0.0,0.0,0.0,0.0,0.0,0.0,0.0,0.0,0.0,0.0,0.0,0.0,0.0,0.0,0.0,0.0,2017-10-01
2017-11-01,0.0,0.0,0.0,0.0,0.0,0.0,0.0,0.0,0.0,0.0,0.0,0.0,0.0,0.0,0.0,0.0,0.0,0.0,0.0,0.0,0.0,0.0,2017-11-01
2017-12-01,,,,,,,,,,,,,,,,,,,,,,0.0,2017-12-01
2018-01-01,0.2857142857142857,0.0,0.0,0.0,0.1428571428571428,0.0,0.0,0.0,0.1428571428571428,0.0,0.0,0.0,0.0,0.0,0.0,0.0,0.0,0.0,0.1428571428571428,0.2857142857142857,0.0,0.4285714285714285,2018-01-01
2018-02-01,0.3636363636363636,0.0,0.0909090909090909,0.0909090909090909,0.0909090909090909,0.0909090909090909,0.0909090909090909,0.0,0.0909090909090909,0.0,0.0,0.0,0.0,0.0,0.0909090909090909,0.0,0.0,0.0,0.0,0.0,0.0,0.7272727272727273,2018-02-01
2018-03-01,0.6470588235294118,0.0,0.0,0.0,0.1176470588235294,0.0,0.0588235294117647,0.0,0.1176470588235294,0.0,0.0588235294117647,0.0,0.0,0.0,0.0,0.0,0.0,0.0,0.0,0.0,0.0,0.8823529411764707,2018-03-01
2018-04-01,0.5185185185185185,0.0,0.0,0.074074074074074,0.1111111111111111,0.0,0.0,0.0,0.074074074074074,0.0,0.037037037037037,0.037037037037037,0.074074074074074,0.0,0.074074074074074,0.0,0.0,0.0,0.0,0.0,0.0,0.8148148148148144,2018-04-01
2018-05-01,0.5238095238095238,0.0,0.1428571428571428,0.0476190476190476,0.0476190476190476,0.0,0.0952380952380952,0.0,0.0476190476190476,0.0476190476190476,0.0,0.0,0.0,0.0,0.0,0.0476190476190476,0.0,0.0,0.0,0.0,0.0,0.7142857142857142,2018-05-01
2018-06-01,0.4285714285714285,0.0,0.0,0.0952380952380952,0.0476190476190476,0.0,0.0476190476190476,0.0,0.0,0.0,0.0,0.1428571428571428,0.0476190476190476,0.0,0.0476190476190476,0.0,0.0,0.0952380952380952,0.0,0.0476190476190476,0.0,0.6666666666666664,2018-06-01
2018-07-01,0.6842105263157895,0.0,0.0,0.0526315789473684,0.0526315789473684,0.0526315789473684,0.0,0.0,0.0,0.0,0.0,0.0526315789473684,0.0,0.0526315789473684,0.0526315789473684,0.0,0.0,0.0,0.0,0.0,0.0,0.8421052631578946,2018-07-01
2018-08-01,0.2941176470588235,0.0,0.2352941176470588,0.0588235294117647,0.0,0.0588235294117647,0.0,0.0588235294117647,0.0,0.0,0.0,0.0,0.0,0.0588235294117647,0.0588235294117647,0.1176470588235294,0.0,0.0588235294117647,0.0,0.0,0.0,0.4117647058823529,2018-08-01
2018-09-01,1.0,0.0,0.0,0.0,0.0,0.0,0.0,0.0,0.0,0.0,0.0,0.0,0.0,0.0,0.0,0.0,0.0,0.0,0.0,0.0,0.0,1.0,2018-09-01
2018-10-01,0.5294117647058824,0.0,0.1176470588235294,0.0,0.1176470588235294,0.0588235294117647,0.0,0.0588235294117647,0.0,0.0,0.0,0.0,0.0,0.0,0.0,0.0588235294117647,0.0,0.0,0.0588235294117647,0.0,0.0,0.6470588235294118,2018-10-01
2018-11-01,0.4444444444444444,0.0,0.0,0.0,0.1111111111111111,0.0,0.1111111111111111,0.0,0.0,0.0,0.0,0.0,0.0,0.0,0.0,0.0,0.0,0.1111111111111111,0.0,0.2222222222222222,0.0,0.6666666666666667,2018-11-01
2018-12-01,0.25,0.0,0.2,0.2,0.05,0.0,0.05,0.05,0.0,0.0,0.0,0.0,0.0,0.0,0.0,0.0,0.1,0.05,0.0,0.05,0.0,0.55,2018-12-01
2019-01-01,0.375,0.0,0.125,0.0625,0.0,0.0,0.0,0.0,0.0,0.0,0.0,0.0,0.0625,0.0625,0.0625,0.125,0.0625,0.0625,0.0,0.0,0.0,0.5,2019-01-01
2019-02-01,0.4444444444444444,0.0,0.1111111111111111,0.1111111111111111,0.0555555555555555,0.0,0.0555555555555555,0.0,0.0555555555555555,0.0,0.0,0.0,0.0,0.0555555555555555,0.0,0.0,0.0,0.1111111111111111,0.0,0.0,0.0,0.6666666666666665,2019-02-01
2019-03-01,0.5,0.0714285714285714,0.0714285714285714,0.1428571428571428,0.0,0.0714285714285714,0.0,0.0,0.0,0.0,0.0,0.0,0.0,0.1428571428571428,0.0,0.0,0.0,0.0,0.0,0.0,0.0,0.6428571428571428,2019-03-01
2019-04-01,1.0,0.0,0.0,0.0,0.0,0.0,0.0,0.0,0.0,0.0,0.0,0.0,0.0,0.0,0.0,0.0,0.0,0.0,0.0,0.0,0.0,1.0,2019-04-01
2019-05-01,0.5454545454545454,0.0,0.0909090909090909,0.0909090909090909,0.0454545454545454,0.0,0.0454545454545454,0.0,0.0454545454545454,0.0,0.0,0.0,0.0,0.0454545454545454,0.0,0.0,0.0,0.0909090909090909,0.0,0.0,0.0,0.7272727272727272,2019-05-01
2019-06-01,0.44,0.0,0.16,0.0,0.08,0.0,0.0,0.0,0.04,0.04,0.0,0.08,0.0,0.12,0.0,0.0,0.0,0.04,0.0,0.0,0.0,0.52,2019-06-01
2019-07-01,0.3636363636363636,0.0,0.0909090909090909,0.0909090909090909,0.0909090909090909,0.0,0.0909090909090909,0.0,0.0,0.0909090909090909,0.0,0.0,0.0,0.0909090909090909,0.0909090909090909,0.0,0.0,0.0,0.0,0.0,0.0,0.7272727272727273,2019-07-01
2019-08-01,0.4827586206896552,0.0344827586206896,0.0344827586206896,0.1034482758620689,0.0344827586206896,0.0689655172413793,0.0689655172413793,0.0,0.1034482758620689,0.0,0.0,0.0344827586206896,0.0,0.0,0.0344827586206896,0.0,0.0,0.0,0.0,0.0,0.0,0.7241379310344827,2019-08-01
2019-09-01,0.4375,0.0,0.0625,0.125,0.0,0.0,0.0,0.0625,0.0625,0.0,0.0,0.0,0.0,0.125,0.0625,0.0,0.0625,0.0,0.0,0.0,0.0,0.625,2019-09-01
2019-10-01,0.5789473684210527,0.0,0.0,0.0,0.1052631578947368,0.1578947368421052,0.0,0.0,0.0526315789473684,0.0,0.0,0.0,0.0,0.0526315789473684,0.0,0.0,0.0,0.0526315789473684,0.0,0.0,0.0,0.6842105263157895,2019-10-01
2019-11-01,0.6,0.0,0.2,0.2,0.0,0.0,0.0,0.0,0.0,0.0,0.0,0.0,0.0,0.0,0.0,0.0,0.0,0.0,0.0,0.0,0.0,0.8,2019-11-01
2019-12-01,0.4285714285714285,0.0,0.1428571428571428,0.0,0.1428571428571428,0.0,0.0,0.0,0.0714285714285714,0.0,0.0,0.0714285714285714,0.0,0.0714285714285714,0.0,0.0,0.0,0.0714285714285714,0.0,0.0,0.0,0.5714285714285713,2019-12-01
2020-01-01,0.0384615384615384,0.6153846153846154,0.0384615384615384,0.0,0.0,0.0384615384615384,0.0,0.0384615384615384,0.0384615384615384,0.0,0.0,0.0384615384615384,0.0384615384615384,0.0769230769230769,0.0,0.0,0.0,0.0,0.0,0.0,0.0384615384615384,0.0384615384615384,2020-01-01
2020-02-01,0.074074074074074,0.7407407407407407,0.037037037037037,0.0,0.0,0.0,0.0,0.0,0.0,0.0,0.0,0.0,0.0,0.1481481481481481,0.0,0.0,0.0,0.0,0.0,0.0,0.0,0.074074074074074,2020-02-01
2020-03-01,0.1875,0.6875,0.0,0.0,0.0,0.0,0.0,0.0,0.0625,0.0,0.0,0.0,0.0,0.0,0.0625,0.0,0.0,0.0,0.0,0.0,0.0,0.25,2020-03-01
2020-04-01,0.0344827586206896,0.7931034482758621,0.0689655172413793,0.0,0.0,0.0344827586206896,0.0,0.0,0.0,0.0,0.0,0.0344827586206896,0.0,0.0,0.0,0.0,0.0344827586206896,0.0,0.0,0.0,0.0,0.0344827586206896,2020-04-01
2020-05-01,0.45,0.2,0.0,0.05,0.0,0.05,0.0,0.05,0.0,0.1,0.0,0.0,0.0,0.0,0.0,0.0,0.05,0.0,0.0,0.0,0.05,0.5,2020-05-01
2020-06-01,0.125,0.1875,0.0,0.0625,0.125,0.125,0.125,0.0625,0.0,0.125,0.0,0.0625,0.0,0.0,0.0,0.0,0.0,0.0,0.0,0.0,0.0,0.4375,2020-06-01
2020-07-01,0.5454545454545454,0.1818181818181818,0.0454545454545454,0.1363636363636363,0.0454545454545454,0.0454545454545454,0.0,0.0,0.0,0.0,0.0,0.0,0.0,0.0,0.0,0.0,0.0,0.0,0.0,0.0,0.0,0.7272727272727271,2020-07-01
2020-08-01,0.45,0.05,0.05,0.25,0.05,0.0,0.0,0.0,0.0,0.0,0.05,0.0,0.05,0.0,0.05,0.0,0.0,0.0,0.0,0.0,0.0,0.8500000000000001,2020-08-01
2020-09-01,0.1764705882352941,0.1764705882352941,0.0588235294117647,0.1764705882352941,0.0588235294117647,0.0588235294117647,0.0588235294117647,0.0,0.0,0.0,0.0,0.0588235294117647,0.0588235294117647,0.0,0.0,0.0588235294117647,0.0,0.0,0.0,0.0588235294117647,0.0,0.47058823529411764,2020-09-01
2020-10-01,0.3076923076923077,0.0,0.1538461538461538,0.0769230769230769,0.0769230769230769,0.1538461538461538,0.0769230769230769,0.0,0.0769230769230769,0.0,0.0,0.0,0.0769230769230769,0.0,0.0,0.0,0.0,0.0,0.0,0.0,0.0,0.5384615384615383,2020-10-01
2020-11-01,0.1666666666666666,0.1666666666666666,0.1666666666666666,0.1666666666666666,0.1666666666666666,0.1666666666666666,0.0,0.0,0.0,0.0,0.0,0.0,0.0,0.0,0.0,0.0,0.0,0.0,0.0,0.0,0.0,0.4999999999999998,2020-11-01
2020-12-01,0.125,0.25,0.0,0.0625,0.0,0.0625,0.0,0.0625,0.0,0.0,0.0,0.0,0.0625,0.0625,0.125,0.0625,0.0,0.0,0.0625,0.0,0.0625,0.3125,2020-12-01
2021-01-01,0.4615384615384615,0.0,0.0769230769230769,0.1538461538461538,0.1538461538461538,0.1538461538461538,0.0,0.0,0.0,0.0,0.0,0.0,0.0,0.0,0.0,0.0,0.0,0.0,0.0,0.0,0.0,0.7692307692307692,2021-01-01
2021-02-01,0.4,0.0,0.1333333333333333,0.2,0.0666666666666666,0.0,0.0666666666666666,0.1333333333333333,0.0,0.0,0.0,0.0,0.0,0.0,0.0,0.0,0.0,0.0,0.0,0.0,0.0,0.7333333333333334,2021-02-01
2021-03-01,0.4166666666666667,0.1111111111111111,0.0555555555555555,0.0555555555555555,0.0277777777777777,0.0833333333333333,0.0277777777777777,0.0277777777777777,0.0277777777777777,0.1388888888888889,0.0,0.0277777777777777,0.0,0.0,0.0,0.0,0.0,0.0,0.0,0.0,0.0,0.5277777777777776,2021-03-01
2021-04-01,0.4761904761904761,0.0476190476190476,0.1428571428571428,0.0,0.0,0.0476190476190476,0.0952380952380952,0.0476190476190476,0.0,0.0,0.0,0.0476190476190476,0.0476190476190476,0.0,0.0476190476190476,0.0,0.0,0.0,0.0,0.0,0.0,0.6190476190476188,2021-04-01
2021-05-01,0.2592592592592592,0.2222222222222222,0.0,0.074074074074074,0.1111111111111111,0.074074074074074,0.037037037037037,0.037037037037037,0.0,0.037037037037037,0.0,0.0,0.037037037037037,0.074074074074074,0.0,0.037037037037037,0.0,0.0,0.0,0.0,0.0,0.4814814814814813,2021-05-01
2021-06-01,0.2,0.6,0.0,0.0666666666666666,0.0,0.0,0.0,0.0666666666666666,0.0,0.0,0.0,0.0,0.0,0.0,0.0,0.0,0.0,0.0,0.0,0.0,0.0666666666666666,0.2666666666666666,2021-06-01
2021-07-01,0.6666666666666666,0.125,0.0416666666666666,0.0416666666666666,0.0833333333333333,0.0,0.0,0.0,0.0,0.0,0.0,0.0416666666666666,0.0,0.0,0.0,0.0,0.0,0.0,0.0,0.0,0.0,0.7916666666666665,2021-07-01
2021-08-01,0.1428571428571428,0.2857142857142857,0.1428571428571428,0.0,0.3571428571428571,0.0,0.0,0.0,0.0714285714285714,0.0,0.0,0.0,0.0,0.0,0.0,0.0,0.0,0.0,0.0,0.0,0.0,0.4999999999999999,2021-08-01
2021-09-01,0.2307692307692307,0.0769230769230769,0.0769230769230769,0.0769230769230769,0.3076923076923077,0.0769230769230769,0.0,0.0769230769230769,0.0,0.0769230769230769,0.0,0.0,0.0,0.0,0.0,0.0,0.0,0.0,0.0,0.0,0.0,0.6153846153846153,2021-09-01
2021-10-01,0.6666666666666666,0.0416666666666666,0.0,0.0833333333333333,0.0,0.0416666666666666,0.0,0.0,0.0,0.0416666666666666,0.0416666666666666,0.0416666666666666,0.0416666666666666,0.0,0.0,0.0,0.0,0.0,0.0,0.0,0.0,0.7916666666666665,2021-10-01
2021-11-01,0.44,0.08,0.04,0.0,0.04,0.0,0.04,0.2,0.0,0.04,0.04,0.0,0.0,0.0,0.04,0.0,0.04,0.0,0.0,0.0,0.0,0.6000000000000001,2021-11-01
2021-12-01,0.3076923076923077,0.0769230769230769,0.0,0.0769230769230769,0.1538461538461538,0.0,0.0,0.0,0.0769230769230769,0.0769230769230769,0.0769230769230769,0.0,0.0769230769230769,0.0,0.0,0.0,0.0,0.0,0.0769230769230769,0.0,0.0,0.6153846153846152,2021-12-01
2022-01-01,0.373015873015873,0.1666666666666666,0.0476190476190476,0.0634920634920634,0.0952380952380952,0.0238095238095238,0.0396825396825396,0.0079365079365079,0.0079365079365079,0.0476190476190476,0.0079365079365079,0.0079365079365079,0.0238095238095238,0.0,0.0079365079365079,0.0158730158730158,0.0079365079365079,0.0158730158730158,0.0238095238095238,0.0158730158730158,0.0,0.587301587301587,2022-01-01
2022-02-01,0.3829787234042553,0.1063829787234042,0.1063829787234042,0.0638297872340425,0.0780141843971631,0.0283687943262411,0.0070921985815602,0.0141843971631205,0.0141843971631205,0.0425531914893617,0.0070921985815602,0.0354609929078014,0.0567375886524822,0.0283687943262411,0.0070921985815602,0.0070921985815602,0.0,0.0,0.0,0.0,0.0141843971631205,0.5460992907801415,2022-02-01
