,protest_count,military_count,diplomatic_count,total_events,goldstein_mean,goldstein_sum,theme_1,theme_2,theme_3,theme_4,theme_5,theme_6,theme_7,theme_8,theme_9,theme_10,theme_11,theme_12,theme_13,theme_14,theme_15,theme_16,theme_17,theme_18,theme_19,theme_20
1990-01-01,0,2,46,70,2.49,174.3,3,5,12,24,9,1,3,3,0,0,2,3,0,0,0,1,2,0,2,0
1990-02-01,2,3,23,86,0.7604651162790699,65.4,10,1,0,12,9,2,4,13,0,0,24,2,0,2,0,4,0,0,3,0
1990-03-01,1,3,45,78,1.5141025641025643,118.10000000000001,5,3,1,24,4,16,1,2,1,2,7,2,3,1,0,3,0,0,3,0
1990-04-01,0,2,38,60,1.695,101.7,6,2,3,15,13,7,1,2,0,0,1,2,3,0,0,2,1,0,2,0
1990-05-01,0,4,56,106,1.2283018867924527,130.2,10,6,5,26,9,16,0,5,0,2,11,2,7,0,0,3,0,0,4,0
1990-06-01,10,0,61,101,1.502970297029703,151.8,2,5,7,28,23,3,0,3,0,5,7,4,1,10,0,0,3,0,0,0
1990-07-01,0,2,68,87,1.9,165.29999999999998,4,2,11,48,5,4,1,1,0,0,4,0,0,0,0,5,0,0,2,0
1990-08-01,3,0,27,48,1.2395833333333333,59.5,6,2,5,16,1,5,0,0,0,0,3,3,0,3,0,0,1,3,0,0
1990-09-01,0,0,22,39,1.023076923076923,39.9,2,1,6,14,2,0,0,2,0,1,3,6,0,0,0,0,2,0,0,0
1990-10-01,0,0,29,45,2.1133333333333333,95.1,8,1,3,16,5,5,1,1,1,2,2,0,0,0,0,0,0,0,0,0
1990-11-01,0,2,68,111,1.2432432432432432,138.0,10,3,15,38,14,1,5,0,3,1,2,16,1,0,0,0,0,0,2,0
1990-12-01,0,5,45,87,1.3885057471264368,120.8,13,9,6,18,18,3,0,4,0,2,3,4,0,0,0,1,1,0,5,0
1991-01-01,0,2,20,40,0.5425,21.7,5,3,0,15,4,1,0,1,0,0,7,0,0,0,0,2,0,0,2,0
1991-02-01,0,0,14,22,0.5681818181818181,12.499999999999998,1,0,0,14,0,0,0,0,0,0,4,2,1,0,0,0,0,0,0,0
1991-03-01,1,1,103,125,2.3216,290.2,3,2,21,74,8,0,3,1,1,1,5,1,0,1,0,0,3,0,1,0
1991-04-01,3,0,82,134,1.594776119402985,213.7,17,8,5,60,10,7,1,0,0,0,14,0,0,3,0,8,1,0,0,0
1991-05-01,0,2,119,221,2.0533936651583713,453.8,28,14,19,51,14,35,2,4,2,3,31,4,0,0,0,6,6,0,2,0
1991-06-01,0,1,101,192,1.7401041666666668,334.1,28,7,15,41,23,22,6,5,1,9,10,13,4,0,0,4,3,0,1,0
1991-07-01,0,1,82,139,1.6964028776978417,235.8,13,6,13,43,2,24,3,3,0,8,7,4,7,0,0,3,2,0,1,0
1991-08-01,3,3,59,102,1.0235294117647058,104.39999999999999,4,1,10,34,11,4,1,5,0,2,7,8,3,3,0,2,4,0,3,0
1991-09-01,2,3,66,129,1.2193798449612403,157.3,13,8,18,24,18,6,3,4,5,0,9,8,2,2,0,0,4,2,3,0
1991-10-01,2,0,103,160,2.19625,351.40000000000003,16,0,8,39,29,27,1,1,9,3,15,7,0,2,0,2,1,0,0,0
1991-11-01,2,0,242,353,2.348441926345609,829.0,38,16,92,102,41,7,4,11,1,4,17,8,3,2,0,4,3,0,0,0
1991-12-01,0,11,86,181,0.3685082872928177,66.7,9,7,15,47,16,8,0,8,2,4,26,11,7,0,0,5,4,1,11,0
1992-01-01,2,0,118,207,1.9415458937198067,401.9,16,5,32,53,29,4,0,8,6,6,26,2,4,2,0,8,4,2,0,0
1992-02-01,2,2,63,101,1.598019801980198,161.4,10,6,14,40,7,2,0,6,2,0,5,0,0,2,0,0,5,0,2,0
1992-03-01,0,0,27,44,2.493181818181818,109.7,8,2,7,6,7,7,0,2,0,2,0,3,0,0,0,0,0,0,0,0
1992-04-01,1,0,24,76,0.030263157894736853,2.3000000000000007,11,3,5,10,7,2,1,5,2,0,13,3,6,1,0,1,4,2,0,0
1992-05-01,2,6,98,194,1.1546391752577319,224.0,17,4,22,56,12,8,0,8,9,3,31,8,2,2,0,0,6,0,6,0
1992-06-01,4,2,53,93,1.2741935483870968,118.5,7,4,10,25,12,6,2,2,4,3,2,4,2,4,0,1,3,0,2,0
1992-07-01,0,0,45,58,2.889655172413793,167.6,6,1,1,18,7,19,0,0,0,0,1,1,0,0,0,0,4,0,0,0
1992-08-01,0,2,46,64,1.7703125,113.3,4,8,9,28,7,2,0,0,0,0,0,1,1,0,0,0,2,0,2,0
1992-09-01,1,2,119,186,1.917741935483871,356.7,13,9,13,77,21,8,0,9,0,7,5,4,9,1,0,2,6,0,2,0
1992-10-01,2,0,52,89,1.7000000000000002,151.3,13,5,7,29,11,5,0,4,0,2,6,2,1,0,2,1,1,0,0,0
1992-11-01,2,1,89,130,1.7476923076923077,227.2,7,2,9,63,10,7,0,0,3,0,7,9,0,2,0,1,8,1,1,0
1992-12-01,0,1,129,174,2.1063218390804597,366.5,11,7,17,84,12,16,0,1,3,3,8,3,4,0,0,3,0,1,1,0
1993-01-01,3,2,47,79,1.420253164556962,112.2,9,4,6,29,8,4,0,2,2,1,9,0,0,3,0,0,0,0,2,0
1993-02-01,0,0,35,49,2.179591836734694,106.8,4,0,7,27,0,1,2,2,0,0,1,3,0,0,0,0,0,2,0,0
1993-03-01,1,0,52,85,2.0341176470588236,172.9,7,6,4,35,7,6,0,0,0,2,3,0,4,1,0,10,0,0,0,0
1993-04-01,0,0,36,61,1.3557377049180328,82.7,6,10,1,28,7,0,0,2,0,0,2,3,0,0,0,0,0,2,0,0
1993-05-01,0,8,132,258,1.519767441860465,392.09999999999997,33,8,9,93,19,11,2,18,0,5,19,18,5,0,0,4,6,0,6,2
1993-06-01,0,0,38,77,1.5285714285714287,117.7,11,2,5,29,4,0,5,3,0,0,5,3,0,0,0,3,7,0,0,0
1993-07-01,0,2,71,146,0.7595890410958904,110.9,12,17,15,45,5,6,7,0,2,2,8,7,2,0,0,14,2,0,2,0
1993-08-01,3,0,63,202,-0.31980198019801986,-64.60000000000001,21,15,2,41,9,11,2,5,7,0,41,6,10,2,1,24,4,1,0,0
1993-09-01,0,3,47,135,0.5503703703703704,74.3,19,12,7,24,14,2,0,7,2,3,28,1,1,0,0,6,4,2,3,0
1993-10-01,0,3,106,157,1.856687898089172,291.5,13,3,17,54,28,7,0,0,2,4,6,7,3,0,0,4,5,1,3,0
1993-11-01,0,1,144,211,1.753080568720379,369.9,6,11,23,91,27,3,2,3,2,6,14,1,7,0,0,6,8,0,0,1
1993-12-01,0,0,58,109,2.1743119266055047,237.0,18,6,2,24,17,15,6,3,0,5,3,0,0,0,0,8,1,1,0,0
1994-01-01,1,7,260,394,1.7637055837563451,694.9,35,4,57,135,40,28,0,12,4,6,31,11,9,1,0,6,6,2,7,0
1994-02-01,1,0,125,208,1.4610576923076921,303.9,14,8,5,97,12,11,0,9,1,10,13,4,0,1,0,1,22,0,0,0
1994-03-01,1,0,293,495,1.650909090909091,817.2,47,37,38,191,37,27,3,13,8,15,24,27,19,0,1,8,0,0,0,0
1994-04-01,0,5,97,199,1.821105527638191,362.4,18,20,20,60,14,3,6,9,2,3,17,11,7,0,0,3,1,0,5,0
1994-05-01,0,3,125,185,2.308648648648649,427.1,6,3,17,50,42,16,2,5,6,9,9,6,4,0,0,3,4,0,3,0
1994-06-01,6,0,104,204,1.822549019607843,371.8,32,12,11,66,17,10,11,7,1,3,19,4,1,6,0,2,2,0,0,0
1994-07-01,0,0,101,173,1.5976878612716763,276.4,19,8,18,51,17,15,6,1,1,3,12,4,7,0,0,6,5,0,0,0
1994-08-01,1,0,152,187,3.1727272727272724,593.3,6,2,44,58,46,4,4,1,3,3,6,2,3,1,0,0,3,1,0,0
1994-09-01,2,6,157,268,1.8436567164179105,494.1,26,6,29,78,39,11,8,7,5,2,31,0,8,1,1,3,7,0,6,0
1994-10-01,4,0,202,313,2.1089456869009586,660.1,23,21,54,73,71,4,0,10,3,6,5,13,4,3,1,11,10,1,0,0
1994-11-01,0,0,143,209,2.4095693779904304,503.59999999999997,15,7,36,58,42,7,2,2,0,2,23,9,1,0,0,0,5,0,0,0
1994-12-01,0,3,97,192,1.234375,237.0,4,19,11,56,13,17,4,9,2,5,13,9,8,0,0,14,4,1,3,0
1995-01-01,0,9,142,298,0.9164429530201343,273.1,29,15,30,93,7,12,0,16,1,12,28,3,16,0,0,16,8,3,9,0
1995-02-01,1,13,262,472,1.2277542372881356,579.5,54,19,55,128,55,24,4,3,0,6,41,14,16,0,1,31,8,0,13,0
1995-03-01,0,3,202,302,2.8251655629139076,853.2,21,5,42,111,43,6,10,14,0,3,27,13,2,0,0,2,0,0,3,0
1995-04-01,3,2,106,212,0.9028301886792454,191.4,35,9,16,73,9,8,3,5,0,3,17,17,2,1,2,4,6,0,2,0
1995-05-01,0,12,165,327,1.1363914373088686,371.6,25,16,27,85,41,12,2,16,5,7,23,13,7,0,0,23,13,0,12,0
1995-06-01,5,22,375,728,0.5861263736263737,426.7,68,34,51,263,48,13,0,16,5,2,81,17,31,5,0,45,27,0,22,0
1995-07-01,8,15,501,893,0.9733482642777155,869.1999999999999,78,26,60,349,90,2,11,34,19,15,80,19,9,8,0,12,52,14,14,1
1995-08-01,5,9,617,1006,1.2926441351888667,1300.3999999999999,65,30,122,432,59,4,10,50,20,8,63,27,2,5,0,23,77,0,9,0
1995-09-01,4,11,374,576,1.4409722222222223,830.0,40,19,60,246,62,6,2,13,4,11,40,22,4,4,0,19,11,2,11,0
1995-10-01,2,4,219,331,1.6894259818731119,559.2,40,7,34,143,35,7,6,6,2,5,13,9,6,0,2,9,3,0,4,0
1995-11-01,7,4,202,315,1.66984126984127,526.0,16,8,38,115,38,11,0,10,1,0,18,24,9,7,0,6,10,0,4,0
1995-12-01,2,0,109,257,0.6610894941634241,169.9,20,18,27,53,25,4,1,7,7,8,41,14,2,2,0,18,10,0,0,0
1996-01-01,9,15,175,386,0.27746113989637305,107.1,40,24,35,109,24,7,3,3,0,7,34,12,26,8,1,14,24,0,15,0
1996-02-01,4,6,242,494,0.42287449392712545,208.89999999999998,44,40,32,160,33,17,2,3,1,7,50,21,40,3,1,30,3,1,6,0
1996-03-01,22,24,394,915,-0.015628415300546497,-14.300000000000043,89,48,55,260,51,28,6,8,17,34,133,25,86,12,10,24,2,3,24,0
1996-04-01,8,6,262,471,2.0774946921443735,978.5,55,29,32,139,74,17,14,5,7,2,38,12,14,0,8,7,10,2,6,0
1996-05-01,6,23,334,687,0.7580786026200873,520.8,60,33,23,191,69,51,5,23,6,14,54,13,28,4,2,54,29,5,22,1
1996-06-01,10,8,274,526,0.9055133079847909,476.3,27,28,73,153,36,12,7,7,6,6,61,16,19,7,3,34,20,3,8,0
1996-07-01,0,4,394,523,2.7994263862332693,1464.1,40,17,96,196,84,18,5,0,3,4,27,17,4,0,0,5,3,0,4,0
1996-08-01,5,8,276,483,1.6904761904761905,816.5,45,20,83,121,57,15,14,4,5,11,55,13,4,5,0,9,14,0,8,0
1996-09-01,12,4,311,502,2.2131474103585655,1111.0,45,26,44,169,87,11,10,5,1,6,54,10,10,11,1,6,2,0,4,0
1996-10-01,1,9,403,710,1.447605633802817,1027.8,68,44,45,280,59,19,18,15,3,8,33,51,21,1,0,7,29,0,9,0
1996-11-01,4,20,703,1047,2.2824259789875834,2389.7,101,60,186,324,171,22,15,9,4,14,58,32,7,2,2,10,10,0,17,3
1996-12-01,4,16,419,732,1.2120218579234974,887.2,63,41,95,248,64,12,24,3,8,6,47,44,8,4,0,21,22,6,16,0
1997-01-01,4,22,366,663,1.5211161387631975,1008.5,62,24,74,201,65,26,17,24,3,11,72,12,13,2,2,9,19,5,22,0
1997-02-01,7,0,447,733,2.057298772169168,1508.0,115,22,71,239,116,21,17,6,4,12,47,19,7,7,0,17,8,5,0,0
1997-03-01,6,22,692,1072,2.0171641791044777,2162.4,101,39,135,426,100,31,31,24,12,6,61,36,17,4,2,11,12,2,22,0
1997-04-01,11,6,553,854,2.295901639344262,1960.7,75,45,86,306,143,18,9,18,5,15,67,13,20,7,4,7,8,2,6,0
1997-05-01,6,5,309,512,1.8458984375,945.1,48,22,55,167,61,26,16,10,7,3,27,15,17,6,0,10,13,4,3,2
1997-06-01,9,13,452,688,1.654941860465116,1138.6,62,47,73,284,75,20,4,8,1,5,33,20,15,7,2,13,5,1,13,0
1997-07-01,6,1,325,495,2.0244444444444443,1002.1,51,27,48,205,53,19,11,1,9,9,25,8,10,4,2,5,6,1,1,0
1997-08-01,3,21,663,868,2.706336405529954,2349.1,59,23,120,429,78,36,16,4,3,5,31,9,6,0,3,23,2,0,21,0
1997-09-01,10,5,491,700,2.0844285714285715,1459.1,59,28,84,332,58,17,11,4,8,3,23,22,16,10,0,19,1,0,5,0
1997-10-01,20,53,1468,1991,2.3043194374686085,4587.9,147,74,325,741,303,99,27,27,1,26,69,29,10,20,0,15,17,8,53,0
1997-11-01,0,11,1146,1486,2.869650067294751,4264.3,94,33,195,688,218,45,18,57,7,17,40,26,9,0,0,9,19,0,10,1
1997-12-01,9,6,654,806,3.4452853598014888,2776.9,40,15,100,386,132,36,12,19,0,10,18,12,5,7,2,2,4,0,6,0
1998-01-01,5,2,370,491,2.875152749490835,1411.7,29,23,79,190,81,20,6,11,0,3,17,12,9,4,1,3,1,0,2,0
1998-02-01,0,4,740,983,2.4028484231943033,2362.0,53,31,133,499,75,33,9,29,6,9,55,14,10,0,0,9,10,4,4,0
1998-03-01,2,21,823,1152,2.22265625,2560.5,85,36,147,516,137,23,8,17,2,14,70,30,1,0,2,18,25,0,21,0
1998-04-01,10,18,610,969,2.1143446852425183,2048.8,74,45,100,341,130,39,13,64,6,11,52,17,6,10,0,23,20,0,18,0
1998-05-01,1,4,531,786,2.5575063613231555,2010.2,76,37,84,263,129,55,17,21,2,6,30,20,16,1,0,15,10,0,4,0
1998-06-01,15,22,1624,2301,2.419774011299435,5567.9,213,103,276,784,465,99,14,33,20,55,91,49,17,12,3,20,23,2,21,1
1998-07-01,11,4,778,1051,2.5579448144624166,2688.4,95,37,99,509,142,28,13,29,5,14,26,14,9,7,4,7,9,0,4,0
1998-08-01,9,7,295,379,2.484168865435356,941.5,27,10,21,214,41,19,5,8,3,0,9,3,0,4,5,0,3,0,7,0
1998-09-01,6,9,364,529,1.9209829867674857,1016.1999999999999,28,30,35,263,43,23,6,8,0,5,24,2,19,3,3,11,17,0,9,0
1998-10-01,1,1,363,483,2.780538302277433,1343.0,43,21,78,222,48,15,5,4,3,6,15,2,3,1,0,7,9,0,1,0
1998-11-01,10,5,443,670,1.825820895522388,1223.3,51,39,93,278,50,22,6,5,0,4,42,14,29,10,0,11,11,0,5,0
1998-12-01,10,10,304,597,1.1105527638190955,663.0,63,39,30,209,57,8,6,23,3,11,62,16,10,8,2,11,29,0,10,0
1999-01-01,5,14,491,782,2.044757033248082,1599.0,74,50,86,321,64,20,6,12,3,7,61,18,18,5,0,6,17,0,14,0
1999-02-01,1,2,327,499,1.9116232464929859,953.9,33,23,80,179,50,18,0,11,8,7,20,28,19,0,1,9,11,0,2,0
1999-03-01,15,10,617,1125,1.622311111111111,1825.1,122,76,135,314,143,25,16,14,43,9,116,34,26,13,2,14,13,0,10,0
1999-04-01,16,17,1360,2023,2.139990113692536,4329.2,182,91,295,810,217,38,13,40,36,33,117,50,24,12,4,22,22,0,17,0
1999-05-01,62,96,752,1844,0.07407809110629066,136.59999999999997,232,83,121,444,152,35,14,41,83,27,198,76,62,59,3,91,16,11,96,0
1999-06-01,4,51,457,915,0.8585792349726776,785.6,121,41,85,261,84,27,14,12,19,25,76,52,9,2,2,14,19,1,50,1
1999-07-01,8,29,836,1437,1.6994432846207377,2442.1,173,73,172,409,213,42,19,18,20,26,86,51,32,4,4,49,17,0,29,0
1999-08-01,10,21,511,1000,1.5937000000000001,1593.7,104,70,101,280,109,21,15,45,22,21,58,28,32,5,5,13,49,1,21,0
1999-09-01,4,13,645,976,2.290573770491803,2235.6,87,41,144,389,99,13,11,13,14,19,47,24,25,0,4,20,11,2,13,0
1999-10-01,1,16,493,839,2.0794994040524433,1744.7,85,37,80,290,111,12,23,8,4,13,68,24,19,1,0,26,21,1,16,0
1999-11-01,0,19,1101,1482,3.1968960863697706,4737.8,122,44,339,420,293,49,16,29,3,18,49,34,12,0,0,11,24,0,19,0
1999-12-01,9,13,553,944,1.855508474576271,1751.6,69,40,129,245,148,31,9,26,19,10,134,26,4,7,2,9,21,2,13,0
2000-01-01,3,2,516,892,1.8603139013452916,1659.4,86,42,132,246,124,14,11,31,1,10,98,29,27,1,2,2,33,1,2,0
2000-02-01,9,10,375,775,1.208,936.2,107,40,75,211,68,21,11,37,14,8,79,20,27,9,0,9,28,1,10,0
2000-03-01,10,26,373,753,1.350066401062417,1016.6,101,71,46,176,114,37,6,13,5,7,75,20,29,3,7,6,11,0,26,0
2000-04-01,8,10,397,808,1.3731435643564356,1109.5,102,53,77,171,109,40,10,15,11,10,89,28,20,7,1,17,33,5,10,0
2000-05-01,3,13,371,653,1.5267993874425727,997.0,51,35,64,160,123,24,7,13,20,9,57,24,28,0,3,12,9,1,13,0
2000-06-01,7,20,314,570,1.0814035087719298,616.4,73,34,76,176,51,11,0,6,19,7,33,20,11,2,5,9,10,7,20,0
2000-07-01,4,20,299,643,0.8688958009331259,558.6999999999999,97,60,42,196,48,13,6,7,4,6,70,24,19,3,1,16,3,8,20,0
2000-08-01,2,4,298,531,1.411487758945386,749.5,44,26,44,195,40,19,14,20,3,3,47,7,14,2,0,8,37,4,4,0
2000-09-01,3,30,420,711,1.4683544303797469,1044.0,56,47,60,218,111,31,8,20,6,10,53,18,13,3,0,3,23,1,28,2
2000-10-01,4,5,257,351,2.5313390313390314,888.5,20,12,34,152,63,8,4,8,4,2,16,11,4,3,1,0,4,0,5,0
2000-11-01,5,5,249,399,2.225062656641604,887.8,34,9,58,141,36,14,13,16,3,8,29,6,4,1,4,11,7,0,5,0
2000-12-01,4,10,206,366,1.3576502732240436,496.9,40,26,35,116,36,19,6,3,3,10,26,5,11,2,2,1,15,0,10,0
2001-01-01,4,10,205,377,1.2352785145888594,465.7,50,19,40,142,20,3,7,7,1,8,26,14,10,4,0,9,5,2,9,1
2001-02-01,10,4,235,516,0.9180232558139535,473.7,72,26,49,139,39,8,9,11,2,17,78,18,11,8,2,7,14,2,4,0
2001-03-01,3,21,594,1019,1.2809617271835132,1305.3,99,54,119,371,90,14,6,28,12,15,80,36,36,3,0,2,32,1,21,0
2001-04-01,41,76,1920,4609,1.0760902581904968,4959.7,596,237,411,961,457,91,25,246,170,169,605,156,140,19,22,83,136,9,74,2
2001-05-01,27,35,723,1504,0.680718085106383,1023.8,158,57,165,395,107,56,12,50,24,38,168,90,33,20,7,12,73,4,35,0
2001-06-01,2,4,469,753,2.196547144754316,1654.0,65,44,128,239,73,29,7,21,10,12,56,20,6,0,2,7,23,7,4,0
2001-07-01,11,18,625,1158,1.007944732297064,1167.2,76,45,115,403,95,12,3,42,37,8,75,48,16,5,6,29,124,1,18,0
2001-08-01,6,8,371,632,1.5669303797468355,990.3,65,26,52,208,73,38,1,24,6,13,27,18,15,4,2,17,33,2,8,0
2001-09-01,3,61,581,1043,1.3693192713326943,1428.2,99,72,137,302,115,27,29,18,3,7,45,33,28,3,0,32,27,5,61,0
2001-10-01,6,32,499,809,1.2908529048207664,1044.3,66,34,98,269,113,19,12,15,11,10,39,30,20,5,1,7,26,2,32,0
2001-11-01,5,9,228,353,1.8257790368271956,644.5,29,18,36,137,48,7,10,0,4,4,23,4,1,3,2,1,17,0,9,0
2001-12-01,4,7,254,472,1.4944915254237288,705.4,72,24,64,128,46,16,13,9,3,6,30,16,6,0,4,19,8,1,7,0
2002-01-01,3,21,300,553,1.3638336347197106,754.2,75,22,59,148,82,11,9,19,13,14,27,2,9,2,1,12,26,1,21,0
2002-02-01,9,9,644,978,2.0388548057259714,1994.0,101,43,142,321,146,35,9,21,6,18,48,17,24,9,0,6,21,2,9,0
2002-03-01,0,17,196,431,0.2781902552204176,119.89999999999999,40,21,29,118,37,12,1,9,9,11,46,31,24,0,0,10,16,0,17,0
2002-04-01,4,3,349,489,1.8398773006134967,899.6999999999999,40,9,50,260,34,5,5,6,6,4,36,7,4,2,2,3,12,1,3,0
2002-05-01,0,5,278,388,1.5693298969072165,608.9,30,15,17,188,58,15,2,3,1,1,21,4,3,0,0,12,13,0,5,0
2002-06-01,0,3,146,226,1.930088495575221,436.2,30,6,17,76,34,19,2,3,0,3,9,7,2,0,0,4,9,2,3,0
2002-07-01,6,11,267,487,1.4535934291581107,707.9,55,24,41,151,46,29,13,6,11,3,41,14,18,0,6,6,10,2,11,0
2002-08-01,6,6,312,507,1.5216962524654833,771.5,71,29,55,175,70,12,1,2,3,8,36,10,9,2,4,5,6,3,5,1
2002-09-01,7,22,239,407,1.4061425061425061,572.3,40,10,53,117,64,5,10,7,8,3,16,26,13,7,0,1,5,0,22,0
2002-10-01,2,9,461,664,1.730421686746988,1149.0,60,32,98,293,62,8,3,6,3,6,31,34,5,2,0,0,11,1,9,0
2002-11-01,4,4,247,401,1.4394014962593518,577.2,32,20,35,142,43,27,5,4,4,15,30,17,8,4,0,0,11,0,4,0
2002-12-01,2,4,468,779,2.0400513478819,1589.2,81,54,78,306,66,18,14,19,18,14,44,26,16,2,0,5,14,0,4,0
2003-01-01,7,7,490,833,1.7038415366146458,1419.3,90,66,84,325,54,27,17,13,10,16,39,22,4,2,5,9,43,0,7,0
2003-02-01,1,11,344,659,1.1541729893778452,760.6,61,58,58,182,75,29,3,9,12,26,52,50,8,1,0,6,18,0,11,0
2003-03-01,7,21,285,613,0.8566068515497554,525.1,69,62,57,188,24,16,2,10,3,7,45,69,8,3,4,9,16,0,21,0
2003-04-01,0,17,997,1433,2.748918353105373,3939.2,146,72,139,758,71,29,10,8,8,16,77,26,14,0,0,28,12,2,17,0
2003-05-01,2,12,327,561,2.0335115864527626,1140.8,59,30,53,214,46,14,16,2,5,13,43,16,10,2,0,3,23,0,12,0
2003-06-01,8,10,561,772,2.774352331606218,2141.8,54,38,54,434,48,25,7,16,3,9,37,7,3,8,0,4,13,2,10,0
2003-07-01,0,1,707,952,2.9971638655462187,2853.3,61,54,95,537,58,17,4,8,8,8,27,9,6,0,0,27,32,0,1,0
2003-08-01,4,6,944,1191,3.0291351805205706,3607.7,74,24,152,720,55,17,4,9,3,6,32,15,16,3,1,33,19,2,6,0
2003-09-01,0,14,558,820,2.4069512195121954,1973.7,55,49,77,357,91,33,13,5,0,8,63,19,6,0,0,12,10,8,14,0
2003-10-01,2,9,859,1209,2.256741108354012,2728.4,97,47,146,592,86,35,8,15,5,20,43,25,16,1,1,25,36,2,9,0
2003-11-01,6,6,787,1069,2.7072965388213284,2894.1,78,32,86,566,77,58,9,10,7,2,39,26,12,3,3,25,24,6,6,0
2003-12-01,8,25,670,1024,2.0908203125,2141.0,93,56,80,450,97,43,12,21,0,22,49,13,10,0,8,32,12,1,25,0
2004-01-01,5,0,465,719,1.849652294853964,1329.9,64,30,34,341,68,22,1,11,5,11,11,20,18,1,4,47,29,2,0,0
2004-02-01,13,0,966,1304,2.618941717791411,3415.1,99,31,153,716,59,38,10,5,1,4,61,22,7,13,0,64,21,0,0,0
2004-03-01,7,15,395,806,1.436104218362283,1157.5,76,31,59,285,34,17,13,37,6,35,100,20,15,5,2,29,24,3,15,0
2004-04-01,0,11,699,1217,1.7829087921117504,2169.8,162,93,107,430,130,32,20,13,2,37,92,21,17,0,0,31,17,2,11,0
2004-05-01,4,10,363,680,1.6505882352941177,1122.4,80,53,83,185,67,28,4,15,5,9,82,10,7,4,0,22,13,3,10,0
2004-06-01,3,4,576,878,2.121640091116173,1862.8,74,41,113,362,67,34,9,19,6,6,45,22,9,3,0,43,17,4,4,0
2004-07-01,6,23,265,434,1.3672811059907835,593.4,37,15,32,204,20,9,4,10,1,12,21,1,0,6,0,20,18,1,23,0
2004-08-01,8,3,161,304,0.6845394736842105,208.1,23,5,27,108,12,14,2,9,3,7,29,6,3,8,0,16,28,1,3,0
2004-09-01,1,3,328,488,2.238934426229508,1092.6,30,22,91,185,29,23,0,6,0,4,19,40,7,1,0,18,10,0,3,0
2004-10-01,0,3,286,421,2.817339667458432,1186.1,47,15,27,217,33,9,7,8,0,6,19,19,1,0,0,6,4,0,3,0
2004-11-01,0,6,208,296,2.51722972972973,745.1,25,14,32,114,42,20,2,5,1,1,16,9,1,0,0,0,4,4,6,0
2004-12-01,6,3,207,348,1.268390804597701,441.4,31,11,22,123,41,21,0,8,3,9,21,14,10,6,0,13,12,0,3,0
2005-01-01,2,2,154,263,1.5771863117870724,414.8,34,13,31,99,16,8,2,4,2,4,17,10,0,2,0,2,17,0,2,0
2005-02-01,7,2,255,478,1.9585774058577408,936.2,63,43,27,192,30,6,5,19,0,3,32,22,2,4,3,11,14,0,2,0
2005-03-01,2,10,287,560,1.3607142857142858,762.0,76,53,35,216,22,14,3,13,1,10,46,23,14,2,0,16,5,1,10,0
2005-04-01,10,0,159,308,1.3194805194805195,406.4,37,26,23,88,23,25,2,2,4,11,25,15,6,10,0,2,9,0,0,0
2005-05-01,4,6,334,613,1.2484502446982055,765.3,53,35,42,215,42,35,9,10,2,7,35,41,6,3,1,62,9,0,5,1
2005-06-01,0,6,245,429,1.8662004662004663,800.6,34,35,37,145,23,40,3,9,4,15,30,12,8,0,0,17,8,3,6,0
2005-07-01,4,12,423,651,2.1683563748079875,1411.6,62,52,48,312,39,24,5,9,3,2,18,32,15,4,0,10,4,0,12,0
2005-08-01,4,2,420,629,2.6553259141494436,1670.2,66,25,97,246,56,21,11,16,2,1,20,10,11,0,4,20,21,0,2,0
2005-09-01,2,16,439,673,2.4912332838038633,1676.6,48,21,75,257,75,32,24,10,4,14,41,21,3,0,2,22,8,0,16,0
2005-10-01,2,8,291,462,2.283116883116883,1054.8,42,22,55,160,66,10,14,6,2,14,27,17,7,2,0,2,8,0,8,0
2005-11-01,2,5,455,676,2.6600591715976334,1798.2,80,32,117,211,89,38,3,9,0,4,47,13,12,0,2,2,10,2,5,0
2005-12-01,8,8,167,290,1.6048275862068966,465.4,26,15,17,116,21,13,2,5,0,6,22,9,1,8,0,2,19,0,8,0
2006-01-01,5,12,496,671,2.243666169895678,1505.5,23,42,115,318,50,13,3,14,0,21,18,7,10,5,0,12,3,5,12,0
2006-02-01,5,8,345,587,2.0626916524701873,1210.8,77,31,79,179,64,23,14,21,5,5,30,14,6,1,4,6,20,0,8,0
2006-03-01,11,10,835,1405,1.782918149466192,2505.0,166,70,188,514,91,42,18,37,9,15,145,34,13,8,3,15,25,2,10,0
2006-04-01,7,16,1126,1536,2.2163411458333333,3404.3,118,69,199,688,198,41,15,13,11,20,71,16,7,6,1,32,14,1,16,0
2006-05-01,4,12,653,1018,2.1539292730844792,2192.7,74,52,168,339,121,25,31,22,6,22,63,36,10,2,2,3,25,5,12,0
2006-06-01,7,35,822,1221,2.661261261261261,3249.4,88,79,158,509,112,43,27,30,6,12,58,21,6,1,6,5,25,0,35,0
2006-07-01,3,8,831,1147,2.5485614646904966,2923.2,72,96,141,509,148,33,15,16,12,5,30,36,9,0,3,5,9,0,8,0
2006-08-01,3,2,597,1034,2.156382978723404,2229.7,116,73,144,310,90,53,13,38,9,12,68,19,11,2,1,8,60,5,2,0
2006-09-01,1,27,975,1520,1.8648684210526316,2834.6,137,69,156,632,132,55,18,33,9,16,118,53,15,0,1,24,25,0,27,0
2006-10-01,1,6,823,1205,2.3932780082987555,2883.9,84,93,111,561,114,37,12,10,4,23,60,47,3,1,0,11,28,0,6,0
2006-11-01,3,19,1200,1730,2.5778034682080926,4459.6,120,91,280,718,146,56,53,30,17,18,59,35,19,3,0,23,43,0,19,0
2006-12-01,1,10,1128,1727,2.8020845396641576,4839.2,188,104,165,763,143,57,39,41,20,21,64,35,12,0,1,32,31,1,10,0
2007-01-01,13,39,1126,1836,2.4109477124183005,4426.5,226,90,187,824,78,37,37,10,15,22,95,46,24,10,3,60,32,1,38,1
2007-02-01,8,27,846,1329,2.169074492099323,2882.7,133,54,158,531,113,44,38,23,6,4,94,27,18,8,0,17,32,2,26,1
2007-03-01,23,36,1437,2409,1.8474055624740555,4450.4,325,164,334,928,144,31,38,23,6,12,181,48,24,21,2,60,31,1,36,0
2007-04-01,8,58,1197,2260,1.6922566371681416,3824.5,406,88,241,632,148,176,39,23,19,22,219,71,27,8,0,42,27,14,56,2
2007-05-01,9,37,1421,2489,2.2825632784250702,5681.3,399,136,253,842,167,159,67,30,19,31,133,89,31,6,3,19,68,0,36,1
2007-06-01,3,45,1217,2222,1.71975697569757,3821.3,254,148,204,713,110,190,49,56,37,42,196,78,35,3,0,10,46,6,43,2
2007-07-01,8,51,1098,1795,1.8905292479108635,3393.5,193,82,190,631,107,170,30,18,23,14,117,36,33,8,0,10,68,14,51,0
2007-08-01,1,53,730,1325,1.475924528301887,1955.6000000000001,143,67,130,380,81,139,34,12,25,27,115,49,15,1,0,10,40,4,53,0
2007-09-01,7,54,1667,2620,2.3354198473282444,6118.8,226,132,290,881,316,180,46,76,52,37,147,65,12,5,2,34,60,5,50,4
2007-10-01,33,125,1694,2947,1.533695283338989,4519.8,308,161,288,926,353,127,45,36,32,37,212,105,66,32,1,52,36,5,124,1
2007-11-01,11,32,1372,2349,1.9318433375904638,4537.9,317,129,310,669,236,157,38,22,40,24,178,74,38,9,2,11,49,14,30,2
2007-12-01,7,36,1467,2335,2.1956745182012845,5126.9,258,144,201,865,258,143,36,20,38,32,132,79,17,7,0,14,52,3,36,0
2008-01-01,5,45,1565,2358,2.3276505513146737,5488.6,284,122,315,905,202,143,29,40,29,19,92,54,29,3,2,7,31,7,44,1
2008-02-01,4,140,1498,3032,1.1853232189973615,3593.9,360,187,224,843,239,192,79,47,189,59,212,33,29,4,0,11,175,9,140,0
2008-03-01,62,41,1426,2679,1.8377379619260918,4923.3,280,313,187,823,206,210,72,22,44,36,208,75,15,48,14,16,58,11,41,0
2008-04-01,156,62,2144,3654,1.456896551724138,5323.5,364,279,282,1429,293,140,44,49,38,48,225,59,63,138,18,29,87,7,62,0
2008-05-01,41,37,1471,2578,2.230721489526765,5750.8,353,126,272,854,174,171,149,29,72,24,145,22,22,33,8,14,64,9,37,0
2008-06-01,16,74,1435,2404,2.3344009983361063,5611.9,304,141,221,785,289,140,66,50,60,28,108,38,15,13,3,6,48,15,74,0
2008-07-01,12,73,1320,2088,1.8015325670498084,3761.6,202,90,176,892,113,139,39,45,34,18,94,95,5,12,0,11,33,17,73,0
2008-08-01,11,64,965,1715,1.356268221574344,2326.0,216,88,111,617,127,110,19,43,42,9,97,56,10,11,0,9,83,3,64,0
2008-09-01,6,29,947,1555,2.34411575562701,3645.1,197,101,192,565,88,102,51,16,19,17,64,30,17,6,0,13,44,4,29,0
2008-10-01,17,40,932,1837,1.3860642351660315,2546.2,240,128,110,518,105,199,43,47,33,16,143,70,46,17,0,32,31,19,40,0
2008-11-01,9,22,1246,2070,2.499855072463768,5174.7,320,115,228,579,222,217,64,48,27,16,66,31,27,9,0,17,57,5,22,0
2008-12-01,7,41,1382,2248,2.4625,5535.7,316,131,197,656,300,229,62,26,17,14,79,53,8,5,2,22,90,0,41,0
2009-01-01,8,77,1491,2754,1.7346768336964415,4777.3,402,146,181,748,374,188,97,38,18,26,280,40,16,0,8,48,61,6,77,0
2009-02-01,14,20,2396,3759,2.2844905559989357,8587.4,436,186,367,1429,351,249,83,46,15,46,254,59,42,14,0,72,80,10,20,0
2009-03-01,75,96,2154,4425,1.4133107344632767,6253.9,573,284,381,1159,375,239,81,97,115,80,475,124,34,75,0,44,172,21,96,0
2009-04-01,18,84,2323,3921,1.9585564906911501,7679.5,466,187,366,1406,315,236,105,41,50,62,210,129,67,17,1,60,111,8,84,0
2009-05-01,22,60,2721,4297,2.2549918547824066,9689.7,494,226,363,1586,435,337,115,74,41,32,192,97,32,18,4,20,161,10,58,2
2009-06-01,37,99,2789,4754,1.7968657972233906,8542.3,552,296,375,1813,286,315,78,105,49,39,296,87,90,19,18,54,162,21,99,0
2009-07-01,30,82,2928,4660,2.1743776824034335,10132.6,522,215,440,1533,670,285,88,69,52,66,310,92,35,24,6,28,128,15,82,0
2009-08-01,46,103,2019,3531,1.8491079014443499,6529.2,368,219,301,1170,280,268,120,73,40,46,209,85,48,2,44,26,115,14,103,0
2009-09-01,32,143,5051,7389,2.5126674786845307,18566.1,716,339,1036,2870,623,522,128,94,118,88,368,113,71,26,6,42,80,6,143,0
2009-10-01,17,77,4091,6058,2.484747441399802,15052.6,482,260,764,2285,624,418,142,117,81,58,307,140,46,13,4,42,176,22,77,0
2009-11-01,22,120,3590,5802,1.9791795932437093,11483.2,583,354,673,1857,713,347,116,86,110,69,302,218,31,17,5,25,140,36,120,0
2009-12-01,20,106,3197,5437,2.4527312856354606,13335.5,529,358,838,1460,520,379,172,116,109,77,358,150,38,8,12,21,159,27,106,0
2010-01-01,67,187,3001,6554,1.1101769911504424,7276.1,706,394,519,1710,389,383,194,190,210,82,705,138,206,61,6,179,282,13,187,0
2010-02-01,72,240,4366,8262,1.149927378358751,9500.7,833,557,787,2671,577,331,152,187,43,182,720,260,206,64,8,262,163,19,240,0
2010-03-01,11,40,871,1684,1.4922802850356294,2513.0,207,91,125,508,119,119,37,40,35,40,135,54,32,10,1,33,58,0,40,0
2010-04-01,8,53,1870,2972,2.292092866756393,6812.1,316,186,388,1013,248,221,76,49,22,62,151,59,24,8,0,29,55,12,53,0
2010-05-01,9,57,2300,3486,2.4588640275387266,8571.6,308,259,364,1337,406,193,58,63,19,48,162,73,29,7,2,18,70,13,57,0
2010-06-01,22,66,972,1827,1.8181171319102352,3321.7,260,146,139,480,199,154,44,38,20,26,94,67,4,8,14,11,45,12,66,0
2010-07-01,55,48,1124,2470,1.3345344129554657,3296.3,421,181,158,616,176,174,63,54,74,30,144,67,64,16,39,13,116,16,48,0
2010-08-01,63,176,2917,5402,1.6492595335061087,8909.3,657,300,482,1656,308,471,202,99,67,88,297,129,91,22,41,84,216,16,176,0
2010-09-01,37,126,4004,6895,1.90854242204496,13159.4,842,445,713,2105,638,548,139,141,68,116,406,217,131,5,32,41,162,20,126,0
2010-10-01,47,245,3493,6399,1.5157680887638694,9699.4,800,359,559,2025,485,424,120,130,108,101,546,139,73,26,21,66,148,24,245,0
2010-11-01,80,227,3740,6942,1.505128205128205,10448.6,686,557,795,2172,422,351,156,133,57,199,536,245,123,25,55,58,124,21,227,0
2010-12-01,54,137,4014,6762,2.071354628808045,14006.5,727,504,777,2274,631,332,123,107,80,185,368,159,81,21,33,46,159,18,137,0
2011-01-01,35,211,6074,9323,2.0437627373163143,19054.0,1077,488,1129,3483,1049,413,144,97,73,132,488,127,88,28,7,76,185,28,210,1
2011-02-01,35,86,2099,3751,1.5564916022394026,5838.4,466,210,308,1176,377,238,93,50,51,42,270,71,43,27,8,59,160,16,86,0
2011-03-01,25,114,2560,4474,1.5568171658471166,6965.2,474,231,417,1601,298,244,160,107,52,78,252,117,60,22,3,85,137,22,114,0
2011-04-01,29,112,2301,4402,1.4348023625624715,6316.0,522,331,402,1300,412,187,84,123,54,62,434,39,39,24,5,26,225,21,112,0
2011-05-01,19,98,2781,4880,1.7719877049180326,8647.3,489,286,438,1598,511,234,149,124,98,56,355,94,54,18,1,49,200,28,98,0
2011-06-01,24,153,2590,4939,1.435412026726058,7089.5,519,380,382,1527,460,221,125,159,100,54,429,129,112,19,5,34,114,17,153,0
2011-07-01,65,141,3820,6662,1.3647703392374664,9092.1,641,453,562,2426,588,244,106,121,85,114,474,116,140,23,42,203,161,22,141,0
2011-08-01,28,182,3028,5657,1.4344175357963584,8114.5,664,430,512,1759,454,303,155,80,132,57,425,102,103,14,14,61,178,32,181,1
2011-09-01,38,143,2841,5163,1.598760410613984,8254.4,566,384,504,1512,511,314,193,76,65,38,299,167,105,34,4,61,154,33,143,0
2011-10-01,12,87,2252,3938,1.5988826815642456,6296.4,438,236,320,1221,375,336,107,46,62,51,262,145,87,12,0,39,65,49,87,0
2011-11-01,55,103,3272,5841,1.6640472521828455,9719.7,749,371,513,1880,595,284,127,121,92,83,488,141,97,28,27,29,95,18,103,0
2011-12-01,25,91,1916,3587,1.6252857541120713,5829.9,377,298,280,1102,303,231,98,80,52,49,231,109,20,19,6,90,132,19,91,0
2012-01-01,20,139,2468,4764,1.3711586901763224,6532.2,598,299,371,1389,461,247,126,116,86,77,276,185,156,7,13,91,105,22,139,0
2012-02-01,44,175,6349,9602,1.8708914809414705,17964.3,795,400,991,3898,829,631,124,162,107,123,474,297,127,38,6,194,191,40,170,5
2012-03-01,54,200,3791,6439,1.788476471501786,11516.0,767,341,516,2285,463,527,145,103,116,81,399,146,48,33,21,64,146,38,200,0
2012-04-01,68,160,3657,6329,2.074940748933481,13132.3,776,416,552,2321,373,411,183,129,90,61,389,115,47,17,51,36,181,21,160,0
2012-05-01,37,252,6275,10538,1.8673752135130006,19678.4,1141,541,825,4246,776,428,193,306,194,190,751,147,104,22,15,77,291,39,252,0
2012-06-01,48,109,3905,6605,1.9795912187736564,13075.2,704,386,622,2545,374,364,137,156,95,59,434,219,55,43,5,30,239,29,109,0
2012-07-01,22,223,3310,6007,1.5738138838022306,9453.9,675,300,420,1967,465,458,162,92,85,59,537,233,69,17,5,42,160,38,223,0
2012-08-01,53,168,2666,5055,1.4087636003956479,7121.3,574,219,417,1526,366,357,120,190,51,53,504,141,75,48,5,54,162,25,168,0
2012-09-01,67,255,3878,7107,1.4447586886168566,10267.9,892,397,535,2336,507,500,114,103,64,77,690,216,140,39,28,46,147,21,251,4
2012-10-01,85,174,2634,5000,1.3629200000000001,6814.6,681,256,302,1485,366,481,124,103,100,62,304,136,102,68,17,47,177,15,174,0
2012-11-01,21,125,2835,5198,1.7967679876875722,9339.6,762,353,380,1655,472,328,138,103,90,83,296,117,67,16,5,15,164,29,125,0
2012-12-01,19,175,2244,4269,1.4882642304989457,6353.4,505,280,349,1305,318,272,127,106,46,52,275,125,48,18,1,59,194,14,170,5
2013-01-01,19,134,2465,4242,1.972253653936822,8366.3,515,275,377,1395,385,308,67,112,63,24,228,118,21,9,10,38,134,29,128,6
2013-02-01,28,117,1826,3222,1.77243947858473,5710.8,354,168,260,1048,277,241,61,73,29,36,262,65,49,26,2,36,97,21,117,0
2013-03-01,0,10,78,112,2.2785714285714285,255.2,2,3,19,31,19,9,8,0,0,0,8,2,0,0,0,0,1,0,10,0
2013-04-01,0,4,55,113,1.2699115044247788,143.5,8,0,0,29,5,21,4,2,3,0,29,3,0,0,0,2,3,0,4,0
2013-05-01,0,1,216,279,3.521505376344086,982.5,14,12,35,95,19,67,4,0,2,1,20,0,8,0,0,1,0,0,1,0
2013-06-01,0,0,86,121,1.7966942148760332,217.4,6,2,3,66,0,17,4,1,3,2,1,5,3,0,0,5,3,0,0,0
2013-07-01,0,0,67,96,2.345833333333333,225.2,3,2,25,17,6,19,0,0,8,2,3,4,0,0,0,2,5,0,0,0
2013-08-01,4,5,132,225,1.6497777777777778,371.2,22,20,48,67,0,17,11,0,0,2,14,2,1,4,0,1,11,0,5,0
2013-09-01,42,238,5711,8952,1.9660411081322609,17600.0,834,475,1145,3373,721,472,167,204,109,86,433,219,71,26,16,81,241,41,234,4
2013-10-01,51,217,5250,8812,1.9044938719927373,16782.4,980,514,709,3437,617,487,188,109,182,152,442,183,137,41,10,123,247,37,217,0
2013-11-01,113,249,6321,10600,1.9257452830188682,20412.9,1090,564,1199,3968,753,401,208,148,233,121,840,262,117,84,29,98,193,43,249,0
2013-12-01,0,1,65,124,1.6524193548387098,204.9,26,4,14,31,4,16,2,3,0,1,4,7,0,0,0,1,10,0,1,0
2014-01-01,36,160,3187,6233,1.3890261511310764,8657.8,841,408,564,1628,603,392,111,173,78,90,573,205,96,33,3,38,182,55,160,0
2014-02-01,50,190,4700,8661,1.592564369010507,13793.2,993,638,849,2497,992,362,148,151,133,111,735,245,160,27,23,121,257,29,186,4
2014-03-01,47,159,4435,7606,1.7596371285826977,13383.8,822,348,869,2503,754,309,225,132,248,72,623,188,57,29,18,36,184,30,159,0
2014-04-01,56,163,4158,7636,1.5849921424829754,12103.0,1040,366,1013,2174,599,372,164,122,170,83,678,160,203,19,37,65,191,17,163,0
2014-05-01,93,395,4824,11211,0.6828739630719829,7655.7,1361,627,1026,2496,805,497,272,234,344,146,1494,339,212,53,40,145,686,39,394,1
2014-06-01,84,206,3724,7532,1.2880377057886352,9701.5,902,503,763,1776,740,445,164,176,266,74,632,257,114,43,41,41,354,35,203,3
2014-07-01,95,280,4935,9327,1.436313927307816,13396.5,1036,447,816,2790,769,560,234,177,198,97,941,271,119,45,50,61,400,36,280,0
2014-08-01,111,269,3888,7976,1.0230817452357073,8160.1,907,487,581,2277,605,425,204,156,142,84,867,257,105,72,39,38,418,43,269,0
2014-09-01,64,182,4614,8074,1.6733960862026258,13511.0,909,421,758,2618,696,542,204,156,119,63,553,191,83,45,19,63,393,59,182,0
2014-10-01,107,188,4709,8591,1.5411593528110814,13240.1,887,444,683,2641,847,538,208,187,121,129,853,209,180,74,33,37,307,25,188,0
2014-11-01,86,302,7613,12174,2.01961557417447,24586.8,1082,728,1975,3609,1470,559,307,207,121,81,650,249,154,65,21,243,293,58,302,0
2014-12-01,51,213,4450,7943,1.711796550421755,13596.8,671,542,955,2312,657,526,223,223,115,104,566,206,85,34,17,73,313,108,213,0
2015-01-01,49,301,4435,7555,1.8258371939113172,13794.2,854,346,863,2353,736,483,239,127,150,89,379,104,88,46,3,64,295,35,301,0
2015-02-01,55,310,4610,7854,1.460733384262796,11472.6,816,424,1011,2485,684,430,180,128,102,91,493,206,102,44,11,52,252,33,310,0
2015-03-01,41,277,5193,8646,1.796911866759195,15536.1,950,462,1231,2747,766,449,222,144,90,105,536,178,74,29,12,38,310,26,277,0
2015-04-01,93,257,5490,9399,1.8998510479838282,17856.7,1105,480,1284,2817,996,393,305,225,144,92,494,155,170,36,57,63,295,31,257,0
2015-05-01,137,297,5851,11091,1.3144080786223065,14578.1,1340,581,1380,3131,854,486,250,315,155,158,938,298,268,98,39,47,437,19,297,0
2015-06-01,74,323,6633,12000,1.6300750000000002,19560.9,1426,633,1625,3658,832,518,260,315,174,130,1057,371,179,44,30,90,291,44,322,1
2015-07-01,88,296,7249,12126,1.9251030842817087,23343.8,1230,682,1756,3860,1059,574,272,276,132,119,792,290,176,53,35,118,337,69,296,0
2015-08-01,42,530,6064,11189,1.3535615336491196,15145.0,1319,595,1244,3257,977,586,386,221,176,122,687,266,206,20,22,178,357,40,529,1
2015-09-01,158,480,10913,17834,1.560126724234608,27823.3,1942,668,2345,5856,2029,683,365,339,308,211,973,324,306,68,90,176,624,47,480,0
2015-10-01,117,434,6179,11651,1.2577632821217062,14654.199999999999,1434,574,1187,3388,1182,422,219,365,107,104,1024,302,260,78,39,60,409,63,434,0
2015-11-01,119,368,6267,11150,1.4479192825112106,16144.3,1379,555,1014,3708,1128,417,238,289,101,110,924,264,204,102,17,70,228,34,368,0
2015-12-01,88,312,5458,9804,1.4409118727050185,14126.7,1083,509,999,3101,887,471,219,262,99,73,810,221,154,49,39,156,317,43,308,4
2016-01-01,63,392,7397,12442,1.6165005626105127,20112.5,1362,670,1535,4339,1105,418,220,227,107,187,944,227,135,44,19,107,345,59,392,0
2016-02-01,197,462,7904,15753,1.169802577286866,18427.9,2307,879,1580,4468,1428,428,259,313,175,210,1802,272,315,116,81,196,421,41,460,2
2016-03-01,132,562,6190,11620,1.2703270223752152,14761.2,1487,646,960,3485,1173,572,228,271,130,118,950,226,214,88,44,77,353,36,557,5
2016-04-01,90,382,6623,11857,1.3125832841359535,15563.3,1389,584,1444,3542,1206,431,162,233,177,180,1057,229,108,45,45,158,440,45,373,9
2016-05-01,141,405,5769,11800,1.1248983050847456,13273.8,1705,616,944,3361,1014,450,230,354,202,176,1108,317,302,47,94,92,308,75,405,0
2016-06-01,140,549,6203,12513,1.0137696795332853,12685.3,1585,791,1088,3397,1267,451,218,323,157,203,1180,341,257,37,103,178,301,87,547,2
2016-07-01,259,522,4931,11186,0.7350616842481673,8222.4,1209,824,980,2519,1047,385,262,299,116,222,1476,320,243,120,139,70,390,43,522,0
2016-08-01,93,386,5240,10007,1.2653742380333766,12662.6,1229,633,875,2959,844,562,218,192,146,115,853,255,156,45,48,81,349,61,385,1
2016-09-01,109,300,6733,12396,1.4755727654081963,18291.2,1431,722,1323,3526,1400,484,188,318,103,194,1278,297,248,45,64,151,249,75,299,1
2016-10-01,141,333,6639,12015,1.5434873075322513,18545.0,1467,704,1155,3688,1243,553,339,237,139,97,987,300,287,69,72,94,205,46,330,3
2016-11-01,93,366,7402,13628,1.7431244496624596,23755.3,1747,950,1320,3750,1593,739,304,484,115,215,838,361,221,74,19,121,340,71,359,7
2016-12-01,187,467,7649,15539,1.1030439539223889,17140.2,1963,1164,1022,4173,1697,757,296,340,187,238,1529,472,426,158,29,173,355,93,467,0
2017-01-01,120,484,7203,14868,1.2989843960182943,19313.3,1979,1178,1167,3629,1588,819,354,463,126,286,1098,396,516,65,55,102,497,66,482,2
2017-02-01,139,383,6745,12424,1.3804169349645845,17150.3,1534,679,1096,3764,1324,561,273,284,135,215,1017,228,331,63,76,75,332,54,382,1
2017-03-01,2,0,203,281,3.42135231316726,961.4,13,12,9,73,15,106,10,1,6,4,10,12,4,0,2,4,0,0,0,0
2017-04-01,1,4,275,338,4.7887573964497046,1618.6000000000001,14,6,22,41,1,211,15,6,1,0,11,5,0,1,0,0,0,0,4,0
2017-05-01,0,3,194,288,2.476388888888889,713.2,21,2,5,61,24,104,8,3,3,3,14,7,6,0,0,3,21,0,3,0
2017-06-01,0,0,252,333,3.6882882882882884,1228.2,9,9,11,33,2,206,0,5,0,21,3,8,4,0,0,0,22,0,0,0
2017-07-01,2,7,299,438,3.2454337899543377,1421.5,6,9,13,46,26,214,3,6,5,0,9,4,75,0,2,11,1,1,7,0
2017-08-01,0,2,203,266,3.577067669172932,951.5,10,1,4,47,1,151,3,2,0,0,17,1,5,0,0,21,1,0,2,0
2017-09-01,0,3,177,268,3.79589552238806,1017.3000000000001,12,9,15,30,6,126,6,16,2,2,29,1,2,0,0,8,1,0,3,0
2017-10-01,0,0,149,208,3.7985576923076922,790.1,11,4,5,42,16,86,11,5,2,0,5,7,5,0,0,0,9,0,0,0
2017-11-01,0,4,104,146,3.662328767123288,534.7,16,2,16,20,16,52,2,10,0,0,2,0,2,0,0,2,2,0,4,0
2017-12-01,4,2,295,418,2.3394736842105264,977.9,35,28,28,171,34,62,4,16,0,0,12,0,14,0,4,6,0,2,2,0
2018-01-01,58,304,4189,8643,1.1542519958347797,9976.2,1201,458,574,2347,802,466,254,272,201,106,668,174,231,15,43,136,360,31,304,0
2018-02-01,36,267,4160,8256,1.252640503875969,10341.8,1081,495,596,2312,769,483,245,208,169,125,629,195,205,11,25,83,296,62,264,3
2018-03-01,99,456,7479,14241,1.45901973176041,20777.9,1746,966,1121,3641,1387,1330,275,345,184,220,1046,337,651,73,26,117,269,51,456,0
2018-04-01,77,680,8188,16475,1.6072412746585736,26479.3,2157,1371,1307,3685,1412,1784,387,495,180,190,1244,314,633,29,48,108,369,82,680,0
2018-05-01,95,319,10646,19494,1.8753513901713348,36558.1,2239,1178,2135,5443,1781,1287,370,799,261,283,1503,458,536,45,50,227,519,61,317,2
2018-06-01,82,584,7580,15059,1.3297762135599973,20025.1,1889,817,1195,3876,1218,1291,302,548,208,262,1128,284,548,41,41,253,528,46,579,5
2018-07-01,90,804,6885,14367,1.2032505046286628,17287.1,1784,867,1002,3018,1131,1734,373,395,233,212,1368,330,516,54,36,147,315,48,804,0
2018-08-01,113,547,6562,13940,1.1743472022955523,16370.4,1749,850,874,3347,1030,1311,368,355,250,156,1404,351,510,57,56,245,361,119,546,1
2018-09-01,88,586,6786,14876,0.923393385318634,13736.4,1769,912,1167,3229,982,1408,290,457,177,209,1374,341,734,61,27,494,512,147,585,1
2018-10-01,167,454,6522,14344,1.0196249302844396,14625.5,1938,783,1164,3115,1169,1074,317,419,307,205,1504,421,423,54,113,342,476,66,446,8
2018-11-01,61,473,6550,12954,1.351628840512583,17509.0,1739,748,1152,3560,987,851,276,402,140,168,1056,280,383,38,23,148,435,95,470,3
2018-12-01,90,523,7019,14687,1.0025873221216042,14725.0,1752,790,1486,3337,1252,944,258,395,207,338,1407,313,437,65,25,175,837,146,519,4
2019-01-01,74,509,7403,14033,1.292759923038552,18141.3,1582,718,1465,3933,1300,705,284,301,154,216,1247,311,440,37,37,160,557,77,509,0
2019-02-01,111,460,6585,12422,1.315947512477862,16346.7,1473,606,1399,3353,1222,611,255,324,131,160,882,333,370,78,33,320,375,37,458,2
2019-03-01,93,599,6493,13211,1.119256680039361,14786.5,1646,764,1176,3604,1040,673,344,319,195,193,1202,386,266,67,26,189,471,51,597,2
2019-04-01,88,466,6158,11911,1.146125430274536,13651.5,1483,658,1086,3484,984,604,276,188,197,126,913,312,383,46,42,164,425,74,464,2
2019-05-01,117,927,9732,20787,1.011593784576899,21028.0,2673,1145,1736,4766,1722,1508,484,553,289,322,1768,506,777,75,42,659,765,70,922,5
2019-06-01,137,791,7436,15846,0.8479931843998485,13437.3,1947,846,1353,3713,1339,1031,310,362,239,280,1437,348,592,84,53,456,596,69,776,15
2019-07-01,4,6,47,132,0.20075757575757575,26.5,15,0,5,35,0,7,8,3,8,6,13,0,0,4,0,8,14,0,6,0
2019-08-01,2,18,183,300,2.878,863.4,22,12,29,132,9,13,3,27,5,3,7,0,7,2,0,4,7,0,18,0
2019-09-01,140,435,7117,13323,1.3463409142085117,17937.3,1553,683,1212,3767,1197,941,248,231,135,167,1232,246,308,37,103,318,439,71,426,9
2019-10-01,107,324,6524,13653,1.4608730681901414,19945.3,1626,1495,1371,3194,1099,860,262,362,231,230,1045,271,222,72,35,407,484,63,321,3
2019-11-01,39,296,5580,11348,1.4410909411350017,16353.5,1500,735,1068,2674,1034,804,236,349,131,216,997,259,289,24,15,175,523,23,293,3
2019-12-01,48,424,5532,10536,1.49919324221716,15795.5,1188,609,1292,2378,1015,847,194,316,137,105,816,279,202,34,14,240,393,53,424,0
2020-01-01,31,387,11587,18712,1.6230493800769559,30370.5,1721,753,1952,7072,1589,974,373,309,309,159,741,280,393,21,10,1117,513,39,385,2
2020-02-01,45,555,12866,23088,0.9798120235620235,22621.899999999998,2164,949,1378,9532,1137,819,513,504,433,245,1108,400,504,24,21,1938,823,41,553,2
2020-03-01,58,561,7893,16914,0.829886484568996,14036.699999999999,2259,1254,968,5468,896,561,433,370,352,188,1632,374,303,40,18,526,644,67,559,2
2020-04-01,112,710,6324,16779,0.8504678467131533,14270.0,2336,1373,660,3787,1238,639,1142,437,259,284,2228,289,464,66,46,148,600,73,710,0
2020-05-01,114,961,5675,17822,0.25021883065873635,4459.4,2447,1487,1014,2808,1279,574,824,491,270,318,2997,498,548,64,50,410,700,82,957,4
2020-06-01,207,632,4999,13149,0.38578599133013913,5072.7,1875,988,811,2514,1046,628,326,321,168,211,1810,331,333,151,56,306,583,59,624,8
2020-07-01,286,772,5731,18112,-0.32667292402826853,-5916.7,2720,1181,902,2909,1220,700,301,460,357,288,2378,463,910,168,118,918,1256,91,772,0
2020-08-01,0,4,29,44,1.55,68.2,1,2,2,12,2,13,0,2,2,0,0,0,2,0,0,0,2,0,4,0
2020-09-01,2,13,45,156,0.5801282051282052,90.5,16,29,4,15,14,12,6,10,0,0,14,0,3,2,0,3,15,0,13,0
2020-10-01,61,385,3555,8375,0.5109253731343284,4279.0,1181,517,391,2103,752,309,197,202,86,128,1043,195,215,29,32,194,386,30,383,2
2020-11-01,32,228,2780,5992,0.8323097463284379,4987.2,753,384,359,1586,513,322,110,182,65,126,703,177,107,20,12,176,159,10,226,2
2020-12-01,0,6,40,105,-0.7333333333333333,-77.0,10,0,3,17,4,16,1,0,4,2,16,2,0,0,0,18,6,0,6,0
2021-01-01,86,369,3674,9251,0.580704788671495,5372.1,1339,574,516,1822,939,397,210,318,191,148,1126,222,285,54,32,292,378,39,367,2
2021-02-01,62,340,3118,7556,0.7646373742721017,5777.6,1131,491,446,1493,922,257,282,209,174,125,874,168,201,35,27,87,249,45,336,4
2021-03-01,134,823,6843,15268,0.4813793555148022,7349.7,2037,851,1098,4352,1048,345,314,356,138,244,1774,407,338,84,50,583,349,77,815,8
2021-04-01,50,477,3897,9035,0.612208079690094,5531.3,1292,582,551,2213,817,316,231,234,175,115,890,220,289,26,24,205,308,70,471,6
2021-05-01,68,403,3165,8152,0.7296614327772326,5948.2,1144,628,473,1717,612,363,435,207,120,128,944,262,171,41,27,159,265,53,392,11
2021-06-01,50,357,3551,8815,0.8206693136698808,7234.2,1217,711,403,2057,785,306,397,262,164,207,908,262,250,25,25,127,306,46,354,3
2021-07-01,65,427,3344,8744,0.44123970722781336,3858.2,1151,570,456,1950,647,291,368,253,143,226,1077,303,261,29,36,251,258,47,425,2
2021-08-01,32,225,2730,6253,0.9115464577003038,5699.9,816,471,385,1582,481,282,228,148,119,144,695,207,166,13,19,72,163,37,218,7
2021-09-01,73,276,3693,8644,0.7626677464136974,6592.5,1251,581,579,2038,800,276,228,278,120,193,912,278,276,31,42,122,318,45,274,2
2021-10-01,103,389,3865,9049,0.7925848160017682,7172.1,1364,584,589,1981,946,349,257,232,117,162,955,301,315,35,68,103,260,42,375,14
2021-11-01,94,360,4257,8852,1.1735878897424312,10388.6,1214,501,779,2063,1184,231,279,245,98,104,763,255,221,36,58,91,336,34,360,0
2021-12-01,43,339,3595,7987,0.8136596970076374,6498.7,1052,440,493,1912,862,328,286,156,96,133,844,209,222,16,27,260,288,24,339,0
2022-01-01,42,265,2519,5828,0.8285518188057653,4828.8,878,362,293,1373,615,238,198,173,94,60,534,197,177,24,18,146,166,17,265,0
2022-02-01,47,274,2554,5942,0.7393806799057556,4393.4,813,325,325,1270,676,283,209,158,69,95,676,170,187,33,14,84,240,41,266,8
