,wui
1990-01-01,12496.0
1990-02-01,12496.0
1990-03-01,12496.0
1990-04-01,12496.0
1990-05-01,12496.0
1990-06-01,12496.0
1990-07-01,8770.0
1990-08-01,8770.0
1990-09-01,8770.0
1990-10-01,16199.0
1990-11-01,16199.0
1990-12-01,16199.0
1991-01-01,11872.0
1991-02-01,11872.0
1991-03-01,11872.0
1991-04-01,8224.0
1991-05-01,8224.0
1991-06-01,8224.0
1991-07-01,10484.0
1991-08-01,10484.0
1991-09-01,10484.0
1991-10-01,6208.0
1991-11-01,6208.0
1991-12-01,6208.0
1992-01-01,7314.0
1992-02-01,7314.0
1992-03-01,7314.0
1992-04-01,12617.0
1992-05-01,12617.0
1992-06-01,12617.0
1992-07-01,7359.0
1992-08-01,7359.0
1992-09-01,7359.0
1992-10-01,6778.0
1992-11-01,6778.0
1992-12-01,6778.0
1993-01-01,13982.0
1993-02-01,13982.0
1993-03-01,13982.0
1993-04-01,13706.0
1993-05-01,13706.0
1993-06-01,13706.0
1993-07-01,10559.0
1993-08-01,10559.0
1993-09-01,10559.0
1993-10-01,15699.0
1993-11-01,15699.0
1993-12-01,15699.0
1994-01-01,11880.0
1994-02-01,11880.0
1994-03-01,11880.0
1994-04-01,9656.0
1994-05-01,9656.0
1994-06-01,9656.0
1994-07-01,9446.0
1994-08-01,9446.0
1994-09-01,9446.0
1994-10-01,12937.0
1994-11-01,12937.0
1994-12-01,12937.0
1995-01-01,8478.0
1995-02-01,8478.0
1995-03-01,8478.0
1995-04-01,11010.0
1995-05-01,11010.0
1995-06-01,11010.0
1995-07-01,9927.0
1995-08-01,9927.0
1995-09-01,9927.0
1995-10-01,8001.0
1995-11-01,8001.0
1995-12-01,8001.0
1996-01-01,11782.0
1996-02-01,11782.0
1996-03-01,11782.0
1996-04-01,10781.0
1996-05-01,10781.0
1996-06-01,10781.0
1996-07-01,11799.0
1996-08-01,11799.0
1996-09-01,11799.0
1996-10-01,9862.0
1996-11-01,9862.0
1996-12-01,9862.0
1997-01-01,8467.0
1997-02-01,8467.0
1997-03-01,8467.0
1997-04-01,8311.0
1997-05-01,8311.0
1997-06-01,8311.0
1997-07-01,11004.0
1997-08-01,11004.0
1997-09-01,11004.0
1997-10-01,8719.0
1997-11-01,8719.0
1997-12-01,8719.0
1998-01-01,6869.0
1998-02-01,6869.0
1998-03-01,6869.0
1998-04-01,13808.0
1998-05-01,13808.0
1998-06-01,13808.0
1998-07-01,9724.0
1998-08-01,9724.0
1998-09-01,9724.0
1998-10-01,14250.0
1998-11-01,14250.0
1998-12-01,14250.0
1999-01-01,9511.0
1999-02-01,9511.0
1999-03-01,9511.0
1999-04-01,11075.0
1999-05-01,11075.0
1999-06-01,11075.0
1999-07-01,13018.0
1999-08-01,13018.0
1999-09-01,13018.0
1999-10-01,5778.0
1999-11-01,5778.0
1999-12-01,5778.0
2000-01-01,7863.0
2000-02-01,7863.0
2000-03-01,7863.0
2000-04-01,5832.0
2000-05-01,5832.0
2000-06-01,5832.0
2000-07-01,5570.0
2000-08-01,5570.0
2000-09-01,5570.0
2000-10-01,13817.0
2000-11-01,13817.0
2000-12-01,13817.0
2001-01-01,11881.0
2001-02-01,11881.0
2001-03-01,11881.0
2001-04-01,22325.0
2001-05-01,22325.0
2001-06-01,22325.0
2001-07-01,13179.0
2001-08-01,13179.0
2001-09-01,13179.0
2001-10-01,25156.0
2001-11-01,25156.0
2001-12-01,25156.0
2002-01-01,23448.0
2002-02-01,23448.0
2002-03-01,23448.0
2002-04-01,22597.0
2002-05-01,22597.0
2002-06-01,22597.0
2002-07-01,17938.0
2002-08-01,17938.0
2002-09-01,17938.0
2002-10-01,14136.0
2002-11-01,14136.0
2002-12-01,14136.0
2003-01-01,27833.0
2003-02-01,27833.0
2003-03-01,27833.0
2003-04-01,25719.0
2003-05-01,25719.0
2003-06-01,25719.0
2003-07-01,34455.0
2003-08-01,34455.0
2003-09-01,34455.0
2003-10-01,23886.0
2003-11-01,23886.0
2003-12-01,23886.0
2004-01-01,12058.0
2004-02-01,12058.0
2004-03-01,12058.0
2004-04-01,16122.0
2004-05-01,16122.0
2004-06-01,16122.0
2004-07-01,9975.0
2004-08-01,9975.0
2004-09-01,9975.0
2004-10-01,14398.0
2004-11-01,14398.0
2004-12-01,14398.0
2005-01-01,13203.0
2005-02-01,13203.0
2005-03-01,13203.0
2005-04-01,11538.0
2005-05-01,11538.0
2005-06-01,11538.0
2005-07-01,11867.0
2005-08-01,11867.0
2005-09-01,11867.0
2005-10-01,20194.0
2005-11-01,20194.0
2005-12-01,20194.0
2006-01-01,12166.0
2006-02-01,12166.0
2006-03-01,12166.0
2006-04-01,11553.0
2006-05-01,11553.0
2006-06-01,11553.0
2006-07-01,8235.0
2006-08-01,8235.0
2006-09-01,8235.0
2006-10-01,11855.0
2006-11-01,11855.0
2006-12-01,11855.0
2007-01-01,9051.0
2007-02-01,9051.0
2007-03-01,9051.0
2007-04-01,13358.0
2007-05-01,13358.0
2007-06-01,13358.0
2007-07-01,18460.0
2007-08-01,18460.0
2007-09-01,18460.0
2007-10-01,21868.0
2007-11-01,21868.0
2007-12-01,21868.0
2008-01-01,13844.0
2008-02-01,13844.0
2008-03-01,13844.0
2008-04-01,13177.0
2008-05-01,13177.0
2008-06-01,13177.0
2008-07-01,18019.0
2008-08-01,18019.0
2008-09-01,18019.0
2008-10-01,14048.0
2008-11-01,14048.0
2008-12-01,14048.0
2009-01-01,13245.0
2009-02-01,13245.0
2009-03-01,13245.0
2009-04-01,21794.0
2009-05-01,21794.0
2009-06-01,21794.0
2009-07-01,18972.0
2009-08-01,18972.0
2009-09-01,18972.0
2009-10-01,14507.0
2009-11-01,14507.0
2009-12-01,14507.0
2010-01-01,18952.0
2010-02-01,18952.0
2010-03-01,18952.0
2010-04-01,19712.0
2010-05-01,19712.0
2010-06-01,19712.0
2010-07-01,21449.0
2010-08-01,21449.0
2010-09-01,21449.0
2010-10-01,19653.0
2010-11-01,19653.0
2010-12-01,19653.0
2011-01-01,14902.0
2011-02-01,14902.0
2011-03-01,14902.0
2011-04-01,13398.0
2011-05-01,13398.0
2011-06-01,13398.0
2011-07-01,14121.0
2011-08-01,14121.0
2011-09-01,14121.0
2011-10-01,20228.0
2011-11-01,20228.0
2011-12-01,20228.0
2012-01-01,19437.0
2012-02-01,19437.0
2012-03-01,19437.0
2012-04-01,18630.0
2012-05-01,18630.0
2012-06-01,18630.0
2012-07-01,36828.0
2012-08-01,36828.0
2012-09-01,36828.0
2012-10-01,25945.0
2012-11-01,25945.0
2012-12-01,25945.0
2013-01-01,38752.0
2013-02-01,38752.0
2013-03-01,38752.0
2013-04-01,31599.0
2013-05-01,31599.0
2013-06-01,31599.0
2013-07-01,14114.0
2013-08-01,14114.0
2013-09-01,14114.0
2013-10-01,15803.0
2013-11-01,15803.0
2013-12-01,15803.0
2014-01-01,18492.0
2014-02-01,18492.0
2014-03-01,18492.0
2014-04-01,19537.0
2014-05-01,19537.0
2014-06-01,19537.0
2014-07-01,20086.0
2014-08-01,20086.0
2014-09-01,20086.0
2014-10-01,14211.0
2014-11-01,14211.0
2014-12-01,14211.0
2015-01-01,17252.0
2015-02-01,17252.0
2015-03-01,17252.0
2015-04-01,29838.0
2015-05-01,29838.0
2015-06-01,29838.0
2015-07-01,25361.0
2015-08-01,25361.0
2015-09-01,25361.0
2015-10-01,21280.0
2015-11-01,21280.0
2015-12-01,21280.0
2016-01-01,18518.0
2016-02-01,18518.0
2016-03-01,18518.0
2016-04-01,22826.0
2016-05-01,22826.0
2016-06-01,22826.0
2016-07-01,18513.0
2016-08-01,18513.0
2016-09-01,18513.0
2016-10-01,30182.0
2016-11-01,30182.0
2016-12-01,30182.0
2017-01-01,32031.0
2017-02-01,32031.0
2017-03-01,32031.0
2017-04-01,29910.0
2017-05-01,29910.0
2017-06-01,29910.0
2017-07-01,16514.0
2017-08-01,16514.0
2017-09-01,16514.0
2017-10-01,16326.0
2017-11-01,16326.0
2017-12-01,16326.0
2018-01-01,28397.0
2018-02-01,28397.0
2018-03-01,28397.0
2018-04-01,13622.0
2018-05-01,13622.0
2018-06-01,13622.0
2018-07-01,25653.0
2018-08-01,25653.0
2018-09-01,25653.0
2018-10-01,28711.0
2018-11-01,28711.0
2018-12-01,28711.0
2019-01-01,26443.0
2019-02-01,26443.0
2019-03-01,26443.0
2019-04-01,36588.0
2019-05-01,36588.0
2019-06-01,36588.0
2019-07-01,40489.0
2019-08-01,40489.0
2019-09-01,40489.0
2019-10-01,32801.0
2019-11-01,32801.0
2019-12-01,32801.0
2020-01-01,52716.0
2020-02-01,52716.0
2020-03-01,52716.0
2020-04-01,55685.0
2020-05-01,55685.0
2020-06-01,55685.0
2020-07-01,28914.0
2020-08-01,28914.0
2020-09-01,28914.0
2020-10-01,27498.0
2020-11-01,27498.0
2020-12-01,27498.0
2021-01-01,22320.0
2021-02-01,22320.0
2021-03-01,22320.0
2021-04-01,11889.0
2021-05-01,11889.0
2021-06-01,11889.0
2021-07-01,18073.0
2021-08-01,18073.0
2021-09-01,18073.0
2021-10-01,21509.0
2021-11-01,21509.0
2021-12-01,21509.0
2022-01-01,19803.0
2022-02-01,19803.0
