,n_events,sum_weights,n_hits,gpr_weighted,gpr_roll_mean,gpr_roll_std,gpr_surprise,d2gpr_surprise,d2gpr_weighted,gpr_pct_rank,gpr_pct_surprise,gpr_ma6,d1gpr_ma6,gpr_abs_dev,d2gpr_abs_dev
1990-01-01,70.0,10.0,0,0.14285714285714285,,,,,,,,,,,
1990-02-01,86.0,3.0,0,0.03488372093023256,,,,,,,,,,,
1990-03-01,78.0,6.0,0,0.07692307692307693,,,,,0.15001277791975465,,,0.08488798023681744,,,
1990-04-01,60.0,9.0,0,0.15,,,,,0.031037567084078697,,,0.10116598517761308,0.016278004940795635,,
1990-05-01,106.0,12.0,0,0.11320754716981132,,,,,-0.10986937590711174,,,0.10357429757605274,0.002408312398439666,,
1990-06-01,101.0,15.0,0,0.1485148514851485,0.11106438989423535,0.046696926337707646,0.8019898637455289,,0.07209975714552586,,,0.11106438989423535,0.007490092318182609,,
1990-07-01,87.0,4.0,0,0.04597701149425287,0.10176619297995215,0.04921752095363919,-1.1335227862908885,,-0.13784514430623282,,,0.09491770133375371,-0.01614668856048164,,
1990-08-01,48.0,4.0,0,0.08333333333333333,0.09946208552412479,0.0460302466371522,-0.35039465067244563,2.7186407856548604,0.1398941618299761,,,0.10299263673427049,0.008074935400516778,,
1990-09-01,39.0,3.0,0,0.07692307692307693,0.09695775123511947,0.043707903940502786,-0.458376460681223,-0.8911099456272202,-0.04376657824933686,,,0.10299263673427049,0.0,,
1990-10-01,45.0,3.0,0,0.06666666666666667,0.0939286427782742,0.042306870677727454,-0.6443864950276189,-0.07802822433761852,-0.0038461538461538602,,,0.08910374784538161,-0.013888888888888881,,
1990-11-01,111.0,4.0,0,0.036036036036036036,0.08866567852897982,0.04376723541041423,-1.2024895335386154,-0.3720930041646006,-0.020374220374220375,,,0.07624182932308572,-0.012861918522295887,,
1990-12-01,87.0,29.0,0,0.3333333333333333,0.10905464976267594,0.08203627162672208,2.733896593828162,4.494489165877774,0.3279279279279279,1.0,0.5,0.10704490963111653,0.030803080308030806,2.733896593828162,
1991-01-01,40.0,9.0,3,0.225,0.11589988785791405,0.08830107421040959,1.2355468279141775,-5.434735893280761,-0.4056306306306306,0.9166666666666666,0.41666666666666663,0.1368820743820744,0.029837164750957865,1.2610369536934567,
1991-02-01,22.0,0.0,0,0.0,0.112992911113728,0.09171875752942851,-1.2319498667159066,-0.9691469287160994,-0.1166666666666667,0.0,-0.5,0.1229931854931855,-0.013888888888888895,-1.2530278618810033,-1.0412051754397549
1991-03-01,125.0,8.0,3,0.064,0.11191598803680491,0.09225507650543306,-0.5193859227246216,3.1800606386213692,0.28900000000000003,0.2857142857142857,-0.2142857142857143,0.12083933933933934,-0.002153846153846159,-0.4997554498744883,3.267337227580975
1991-04-01,134.0,18.0,6,0.13432835820895522,0.11061001788755119,0.09177662914252396,0.2584355139538932,0.0652574926872298,0.00632835820895522,0.6666666666666666,0.16666666666666663,0.13211628792972077,0.011276948590381433,0.3162213753856683,0.06270441325364162
1991-05-01,221.0,27.0,9,0.12217194570135746,0.11135705109851336,0.09183615872222378,0.11776292424812583,-0.9184940263842821,-0.08248477071655297,0.625,0.125,0.14647227287394102,0.014355984944220246,0.16395428300368123,-0.9682439176421437
1991-06-01,192.0,15.0,7,0.078125,0.10549123014141766,0.09149438798588141,-0.29910282743943345,-0.2761931619817919,-0.0318905331937597,0.47058823529411764,-0.02941176470588236,0.1039375506517188,-0.042534722222222224,-0.37524204345017353,-0.38692923407186763
1991-07-01,139.0,16.0,8,0.11510791366906475,0.11125213865598532,0.08956243882949166,0.0430512507639506,0.7590198298909433,0.08102985937042222,0.6111111111111112,0.11111111111111116,0.08562220292989624,-0.018315347721822556,0.09709277418498707,1.0115311440890153
1991-08-01,102.0,3.0,1,0.029411764705882353,0.10675867460369771,0.0923982621970235,-0.8371035131903921,-1.2223088421577268,-0.12267906263224715,0.05263157894736842,-0.4473684210526316,0.09052416371420996,0.004901960784313722,-0.982661091750812,-1.5520886835709595
1991-09-01,129.0,27.0,11,0.20930232558139536,0.11779027865855761,0.09633110959692688,0.9499739731613881,2.667232250306123,0.2655867098386954,0.9,0.4,0.11474121797777587,0.024217054263565907,1.298890909634128,3.361305867320739
1991-10-01,160.0,2.0,1,0.0125,0.11327638976966871,0.10013827993875224,-1.006372286714998,-3.7434237462281663,-0.37669288645690835,0.047619047619047616,-0.4523809523809524,0.09443649160961665,-0.02030472636815922,-1.1760793730246941,-4.756522284043761
1991-11-01,353.0,46.0,18,0.13031161473087818,0.12113268799423889,0.0971820670808021,0.09445082835094946,3.057169374942333,0.3146139403122735,0.6818181818181818,0.18181818181818177,0.09579310311453677,0.0013566115049201272,0.3225321506546528,3.973581806338169
1991-12-01,181.0,13.0,5,0.0718232044198895,0.0993401772514519,0.07108972869001526,-0.3870738197855471,-1.582347763202444,-0.17630002504186687,0.34782608695652173,-0.15217391304347827,0.09474280385118504,-0.0010502992633517338,-0.4303079903231936,-2.2514516646571936
1992-01-01,207.0,10.0,4,0.04830917874396135,0.08461594214678202,0.0601538779373243,-0.6035648016018105,0.26503366632023323,0.03497438463506053,0.2608695652173913,-0.2391304347826087,0.0836096813636678,-0.011133122487517244,-0.7202260343339242,0.46292209696711584
1992-02-01,101.0,22.0,8,0.21782178217821782,0.10276775732830017,0.06497094228846995,1.770853566184705,2.5909093496027786,0.19302662911018462,0.9130434782608695,0.4130434782608695,0.11501135094239039,0.03140166957872259,1.4573220895017553,2.46746616784641
1992-03-01,44.0,6.0,2,0.13636363636363635,0.10879806035860319,0.06440131716934494,0.42802814005416634,-3.7172437939170537,-0.25097074924883794,0.7391304347826086,0.23913043478260865,0.10285490273943054,-0.012156448202959844,0.38356176923454044,-3.2513084441028948
1992-04-01,76.0,7.0,6,0.09210526315789473,0.10527946910434816,0.06403203299322091,-0.20574398985345632,0.7090532962229159,0.03719977260883986,0.5217391304347826,0.021739130434782594,0.11612244659907967,0.013267543859649122,-0.20141507040295115,0.4887834806297233
1992-05-01,194.0,22.0,9,0.1134020618556701,0.10454864545054088,0.06387155096581235,0.13861282951885845,0.9781289492799374,0.06555517190351699,0.5652173913043478,0.06521739130434778,0.11330418778654498,-0.0028182588125346825,0.08555963284803247,0.8719515428884752
1992-06-01,93.0,16.0,6,0.17204301075268819,0.11237514634659823,0.06605614427680165,0.9032901489989751,0.42032050010780186,0.03734415019924271,0.8260869565217391,0.32608695652173914,0.13000748884201144,0.016703301055466455,0.8678556020195423,0.49532126592052617
1992-07-01,58.0,3.0,1,0.05172413793103448,0.10709316503509571,0.0683133429330539,-0.8105155556261108,-2.478483024105203,-0.1789598217186718,0.21739130434782608,-0.28260869565217395,0.1305766487065236,0.0005691598645121698,-0.7772086942015779,-2.42736026539263
1992-08-01,64.0,26.0,10,0.40625,0.1384963513096055,0.1057270635776995,2.5324986775370024,5.056819937788199,0.47484473489061924,1.0,0.5,0.16198135167682062,0.031404702970297016,3.282624679146261,5.704897669568959
1992-09-01,186.0,27.0,9,0.14516129032258066,0.13315126503803762,0.10341813967528102,0.11613074188196473,-5.759382168818151,-0.6156145717463849,0.7391304347826086,0.23913043478260865,0.1634476273366447,0.0014662756598240734,0.3160123976797096,-7.026445654814391
1992-10-01,89.0,0.0,0,0.0,0.13210959837137096,0.10479761384578498,-1.2606164732507836,1.0396207205222894,0.11592741935483869,0.0,-0.5,0.14809675014366222,-0.015350877192982476,-1.2990221028450581,1.351577780941784
1992-11-01,130.0,6.0,2,0.046153846153846156,0.12509645098995162,0.10770451425723648,-0.7329553954216125,1.9044082929619197,0.1913151364764268,0.17391304347826086,-0.32608695652173914,0.13688871419335824,-0.01120803595030398,-0.756718660581035,2.157337942788791
1992-12-01,174.0,11.0,5,0.06321839080459771,0.1243793831886773,0.1081192824458532,-0.5656807093101954,-0.3603863917177541,-0.029089301503094606,0.30434782608695654,-0.19565217391304346,0.11875127753534316,-0.01813743665801508,-0.5513561107985228,-0.33694089248151093
1993-01-01,79.0,19.0,9,0.24050632911392406,0.14039581238617418,0.11004464016416707,0.9097264217357861,1.3081324449345644,0.1602233936585748,0.9565217391304348,0.4565217391304348,0.15021497606582476,0.0314636985304816,1.4337838788894703,1.7797774399054807
1993-02-01,49.0,0.0,0,0.0,0.12224399720465602,0.11400573897922801,-1.0722617852328384,-3.457395338014606,-0.41779426742325043,0.0,-0.5,0.08250664273249143,-0.06770833333333333,-1.2560635807746898,-4.6749874493521535
1993-03-01,85.0,18.0,6,0.21176470588235294,0.1285274196645491,0.11689591719313304,0.7120632458042219,3.7663132380056847,0.45227103499627697,0.8695652173913043,0.3695652173913043,0.09360721199245348,0.011100569259962043,1.0987280272960325,5.044639067734883
1993-04-01,61.0,26.0,10,0.4262295081967213,0.15637110675111796,0.14406687813322447,1.8731467283968934,-0.6232415484443887,0.0027000964320154086,1.0,0.5,0.1646454633585737,0.07103825136612021,3.021241216505573,-0.4322784188611819
1993-05-01,258.0,18.0,8,0.06976744186046512,0.1527348884181842,0.14579035698054904,-0.5690873407271262,-3.6033175517166907,-0.5709268686506245,0.34782608695652173,-0.15217391304347827,0.16858106264301018,0.003935599284436486,-0.508455879100603,-5.452210284815716
1993-06-01,77.0,6.0,2,0.07792207792207792,0.14489147734896668,0.14718233402314554,-0.4550097664326842,2.5563116434184616,0.364616702397869,0.43478260869565216,-0.06521739130434784,0.17103167716259018,0.0024506145195800078,-0.42084940811352933,3.6173035665932494
1993-07-01,146.0,41.0,15,0.2808219178082192,0.16398295900539875,0.1488477408081781,0.7849562120891861,1.1258884042274282,0.19474520382452848,0.9130434782608695,0.4130434782608695,0.17775094194497273,0.00671926478238255,1.5647921847455797,1.8980351218720353
1993-08-01,202.0,45.0,19,0.22277227722772278,0.14869314877437564,0.12991944168411781,0.5701927863380207,-1.4547294042730357,-0.2609494804666377,0.8260869565217391,0.32608695652173914,0.21487965481625984,0.037128712871287106,0.966325019485703,-2.5841087581189854
1993-09-01,135.0,39.0,15,0.28888888888888886,0.16067044865490135,0.13604497170075044,0.9424709978698922,0.5870416372830368,0.1241662522416625,0.9130434782608695,0.4130434782608695,0.2277336853173492,0.012854030501089353,1.5595398912244314,1.191682036998605
1993-10-01,157.0,11.0,5,0.07006369426751592,0.166509089843861,0.1298866959644183,-0.7425348289925378,-2.057284038394301,-0.28494180628253907,0.30434782608695654,-0.19565217391304346,0.1683727163291483,-0.059360968988200896,-0.5686618067333783,-2.721416569696538
1993-11-01,211.0,39.0,14,0.1848341232227488,0.17806577959960287,0.1242518808715932,0.054472765930526294,2.482013421785494,0.3335956235766058,0.6521739130434783,0.15217391304347827,0.1875504965561956,0.019177780227047303,0.5526274555532439,3.249490960244432
1993-12-01,109.0,25.0,10,0.22935779816513763,0.19191073021298122,0.11945504497397105,0.31348251520323844,-0.5379978456503519,-0.07024675401284407,0.782608695652174,0.28260869565217395,0.2127897832633722,0.025239286707176595,0.9735878802352907,-0.7003288376045753
1994-01-01,394.0,9.0,3,0.02284263959390863,0.17377208941964659,0.12764971567185157,-1.182372001624598,-1.7548642661005487,-0.2510388335136178,0.08695652173913043,-0.41304347826086957,0.16979323689432044,-0.04299654636905176,-1.0508068483206705,-2.4453551532380082
1994-02-01,208.0,15.0,7,0.07211538461538461,0.179781704804262,0.1202054717661272,-0.8956856839125753,1.782540834539859,0.255787903592705,0.34782608695652173,-0.15217391304347827,0.14468375479226409,-0.025109482102056352,-0.5555596085245429,2.5196419683520888
1994-03-01,495.0,79.0,29,0.1595959595959596,0.17543430928039586,0.11988656139915667,-0.13211113488944953,0.47688823131110314,0.03820782995909901,0.5652173913043478,0.06521739130434778,0.12313493324344253,-0.021548821548821553,0.3134823349870227,0.3737947037154379
1994-04-01,199.0,35.0,13,0.17587939698492464,0.15457180001274615,0.09044320087693593,0.23559092077215696,-0.3958724933615193,-0.07119713759160995,0.6086956521739131,0.10869565217391308,0.140770883696344,0.017635950452901464,0.4717814528177722,-0.7107428256808161
1994-05-01,185.0,7.0,3,0.03783783783783784,0.15191099967752722,0.0935801935609091,-1.2189883083052386,-1.822281284739002,-0.15432499653605183,0.13043478260869565,-0.3695652173913043,0.11627150279885883,-0.02449938089748517,-0.9119892377451372,-1.5420698083936588
1994-06-01,204.0,37.0,15,0.18137254901960784,0.16053187226898805,0.09087032114358091,0.22934525253509547,2.9029127899177296,0.2815762703288568,0.6086956521739131,0.10869565217391308,0.10827396127460387,-0.007997541524254956,0.5393191247605548,2.8350790530686014
1994-07-01,173.0,16.0,6,0.09248554913294797,0.1448371748793821,0.08422712402394829,-0.6215530490100671,-2.2992318623854966,-0.23242171106842985,0.43478260869565216,-0.06521739130434784,0.11988111286444375,0.011607151589839881,-0.3657706436985354,-2.356398130964782
1994-08-01,187.0,4.0,2,0.0213903743315508,0.12805534963803444,0.08729363671543895,-1.2219100878359743,0.2505412627192554,0.017791825085262697,0.08695652173913043,-0.41304347826086957,0.11142694448380479,-0.008454168380638963,-1.0771819444618216,0.193678467695804
1994-09-01,268.0,21.0,11,0.07835820895522388,0.11051112631022902,0.07181462898517223,-0.44772099792709147,1.37454612873479,0.12806300942507026,0.4782608695652174,-0.021739130434782594,0.0978873193770155,-0.013539625106789285,-0.4856568621524896,1.3029363830726184
1994-10-01,313.0,21.0,7,0.0670926517571885,0.1102635394343684,0.07197170143477938,-0.5998314173008856,-0.926299509282677,-0.06823339182170847,0.2608695652173913,-0.2391304347826087,0.07975619517239281,-0.018131124204622692,-0.5953679621219905,-0.7012361822788329
1994-11-01,209.0,8.0,4,0.03827751196172249,0.09805048849594954,0.07058875567658002,-0.8467775917185996,-0.09483575504391978,-0.017549582597430613,0.17391304347826086,-0.32608695652173914,0.07982947419304025,7.327902064743763e-05,-0.8820627014054347,-0.17698363931394334
1994-12-01,192.0,41.0,15,0.21354166666666666,0.09673247753774362,0.06801487373142318,1.71740654243039,2.811130308566703,0.20407929450041018,0.7391304347826086,0.23913043478260865,0.0851909938008834,0.005361519607843146,0.9327328185065399,2.101490259195419
1995-01-01,298.0,45.0,21,0.15100671140939598,0.10741281685570091,0.06536846756610074,0.666894852776116,-3.614695823803263,-0.23779910996221484,0.5217391304347826,0.021739130434782594,0.09494452084695805,0.009753527046074656,0.27681335683891184,-2.4707149815796026
1995-02-01,472.0,41.0,16,0.08686440677966102,0.10864190203605727,0.06478047033191864,-0.3361737749790007,0.04744306189915726,-0.0016073493724642895,0.43478260869565216,-0.06521739130434784,0.10585685958830976,0.01091233874135171,-0.3949907992209415,-0.015884694392225285
1995-03-01,302.0,6.0,3,0.019867549668874173,0.09699786787546683,0.06729796024105275,-1.1461018718891574,0.19314053084496008,-0.002854552481051903,0.0,-0.5,0.09610841637391813,-0.009748443214391625,-1.0861551457602996,-0.01936019047950477
1995-04-01,212.0,15.0,5,0.07075471698113207,0.08823747787515078,0.06278726283497779,-0.2784443867216861,1.677585582077628,0.11788402442304474,0.34782608695652173,-0.15217391304347827,0.09671876057790874,0.000610344203990601,-0.5418766489932966,1.2354428433063611
1995-05-01,327.0,47.0,19,0.1437308868501529,0.09706189862617702,0.06250061383122339,0.746696478053812,0.15748337960802683,0.02208900255676292,0.5652173913043478,0.06521739130434778,0.1142943230593138,0.017575562481405058,0.233228289118784,0.23082644134507757
1995-06-01,728.0,83.0,32,0.11401098901098901,0.09144843529212544,0.05702507285073913,0.39566023489211766,-1.3761771079371925,-0.10269606770818472,0.5217391304347826,0.021739130434782594,0.09770587678336752,-0.016588446275946273,-0.08492412282593745,-1.0932573500568021
1995-07-01,893.0,66.0,27,0.07390817469204927,0.0899003207553839,0.05724609832145488,-0.27935783454679636,-0.3239818262772197,-0.01038291647977585,0.391304347826087,-0.10869565217391303,0.08485612066380972,-0.012849756119557798,-0.5135511310891894,-0.11047459631853049
1995-08-01,1006.0,71.0,27,0.0705765407554672,0.09399916795737694,0.05353542806335372,-0.43751638959889233,0.516859514386818,0.03677118038235766,0.30434782608695654,-0.19565217391304346,0.0821414763264441,-0.0027146443373656237,-0.5445433903357202,0.39763474901672113
1995-09-01,576.0,45.0,15,0.078125,0.09397973387777493,0.053541664078141746,-0.2961195575586824,0.29955538709230584,0.01088009318111488,0.4782608695652174,-0.021739130434782594,0.09185105138163174,0.009709575055187644,-0.45802625101003147,0.11750939857221954
1995-10-01,331.0,23.0,9,0.06948640483383686,0.09417921330082897,0.053436741014735535,-0.4620942070584526,-0.3073714815399801,-0.016187054410695942,0.2608695652173913,-0.2391304347826087,0.09163966602374922,-0.00021138535788252366,-0.5478602878368918,-0.17635117615254903
1995-11-01,315.0,22.0,8,0.06984126984126984,0.09680952645745793,0.051163419909013054,-0.5271003514649203,0.10096850509330252,0.008993460173596118,0.30434782608695654,-0.19565217391304346,0.07932472985560203,-0.01231493616814719,-0.5390126175856274,0.09868170707812474
1995-12-01,257.0,45.0,15,0.17509727626459143,0.09360582725728499,0.04387385414603764,1.8574034716908077,2.4495099675621956,0.1049011414158886,0.8695652173913043,0.3695652173913043,0.08950577773120244,0.01018104787560041,0.6236987706479442,1.1538637179823072
1996-01-01,386.0,69.0,25,0.17875647668393782,0.09591830769683013,0.04773569910630345,1.7353504931944945,-2.506556801652041,-0.10159680600397519,0.9130434782608695,0.4130434782608695,0.10698049472985054,0.017474716998648096,0.6579879845083421,-1.1284221743731737
1996-02-01,494.0,84.0,34,0.1700404858299595,0.10284964761768833,0.0521372917951359,1.2887289672867068,-0.3245685474114748,-0.012375191273324704,0.782608695652174,0.28260869565217395,0.12355781890893258,0.016577324179082045,0.5554624539673888,-0.1368147444013511
1996-03-01,915.0,135.0,53,0.14754098360655737,0.1134891004458286,0.04637219053753046,0.7343168991158509,-0.10779054226306828,-0.013783511369423823,0.6956521739130435,0.19565217391304346,0.13512714951002547,0.011569330601092886,0.300177249619266,-0.15275967380716948
1996-04-01,471.0,77.0,31,0.16348195329087048,0.12121637013830679,0.04632956061092401,0.9122811137258643,0.7323762827808694,0.03844047190771524,0.782608695652174,0.28260869565217395,0.15079307425286442,0.015665924742838955,0.47675171183493975,0.43185966656379654
1996-05-01,687.0,71.0,30,0.10334788937409024,0.11785112034863492,0.046011056298463984,-0.31521186734912765,-1.4054571956850053,-0.07607503360109336,0.5652173913043478,0.06521739130434778,0.15637751084166782,0.005584436588803393,-0.2060532670447949,-0.8593794410954083
1996-06-01,526.0,53.0,19,0.10076045627376426,0.11674690928719951,0.04626986366928458,-0.3455046491534742,1.1972001992706454,0.05754663081645425,0.5652173913043478,0.06521739130434778,0.14398804084319664,-0.012389469998471181,-0.23409961508794944,0.6547586308365801
1996-07-01,523.0,52.0,24,0.0994263862332696,0.11887342691563456,0.0446811751434289,-0.4352401345743245,-0.05944270361650378,0.0012533630598313278,0.5217391304347826,0.021739130434782594,0.13076635910141857,-0.013221681741778069,-0.24780719967451212,0.014338763456591852
1996-08-01,483.0,55.0,21,0.11387163561076605,0.12248135148690946,0.04210021032242932,-0.20450529368392484,0.32047032631125,0.0157793194179911,0.6086956521739131,0.10869565217391308,0.12140488406488632,-0.009361475036532244,-0.07987017948695689,0.1816446047741179
1996-09-01,502.0,69.0,26,0.13745019920318724,0.12742511808717508,0.039840586144224,0.25162986005580085,0.225400312849326,0.009133314214924748,0.6521739130434783,0.15217391304347827,0.11972308666432467,-0.001681797400561652,0.1939268089825641,0.10585996828196578
1996-10-01,710.0,99.0,35,0.13943661971830987,0.13325430266088115,0.03547037728471319,0.1742952156331627,-0.5334697981623638,-0.021592143077298565,0.6521739130434783,0.15217391304347827,0.11571553106889787,-0.004007555595426801,0.21586329975558552,-0.25186049769649954
1996-11-01,1047.0,147.0,64,0.14040114613180515,0.1391342923517591,0.029317381761674925,0.04321169572182463,-0.05374887548869989,-0.0010218941016273408,0.6521739130434783,0.15217391304347827,0.12189107386185037,0.006175542792952501,0.22582225893716526,-0.011977531591441687
1996-12-01,732.0,88.0,34,0.12021857923497267,0.13456106759929085,0.027416141532980432,-0.5231402948173718,-0.4352684706278584,-0.02114709331032777,0.5652173913043478,0.06521739130434778,0.1251340943553851,0.00324302049353474,-0.013745446176934323,-0.24952666429567935
1997-01-01,663.0,72.0,30,0.1085972850678733,0.12871446829795216,0.024455495981318326,-0.822603771579463,0.26688851377710526,0.008561272729733116,0.4782608695652174,-0.021739130434782594,0.1266625774944857,0.0015284831391005893,-0.15166581622812778,0.10164733506290613
1997-02-01,733.0,97.0,45,0.13233287858117326,0.12557216769388663,0.020814218591891066,0.32481214019345966,1.4468793885350137,0.035356887680399324,0.6086956521739131,0.10869565217391308,0.12973945132288692,0.0030768738284012165,0.1327653884336733,0.42235157471299456
1997-03-01,1072.0,109.0,45,0.10167910447761194,0.12175034443314119,0.02062329277191392,-0.973231587094739,-2.4454596390611214,-0.05438936761686128,0.34782608695652173,-0.15217391304347827,0.1237776022019577,-0.005961849120929216,-0.23629571502131475,-0.6534923081167892
1997-04-01,854.0,102.0,39,0.11943793911007025,0.11808000991807449,0.01589935969954487,0.08540779110964022,2.3566831054925776,0.04841260873601963,0.5217391304347826,0.021739130434782594,0.12044448876725111,-0.003333113434706589,-0.020352494217581934,0.5850043242587208
1997-05-01,512.0,41.0,15,0.080078125,0.1161408628869003,0.018980062301154052,-1.9000326402884127,-3.044079809602432,-0.05711864874252856,0.21739130434782608,-0.28260869565217395,0.11039065191195023,-0.010053836855300882,-0.4979706612125444,-0.6935613877986953
1997-06-01,688.0,119.0,41,0.17296511627906977,0.12215791788734243,0.02434720418887877,2.086777520637662,5.972250592324127,0.13224680538914002,0.9130434782608695,0.4130434782608695,0.11918174141929977,0.00879108950734954,0.6373160078746251,1.6129048360821319
1997-07-01,495.0,64.0,25,0.1292929292929293,0.12464679647564741,0.023316988591727743,0.19925955699657563,-5.874328124567161,-0.13655917826521025,0.5652173913043478,0.06521739130434778,0.12263101545680909,0.0034492740375093173,0.09884794538017724,-1.6737547315816172
1997-08-01,868.0,57.0,23,0.06566820276497695,0.12062984373849832,0.0288400621607084,-1.905739338121154,-0.2174809314766435,-0.019952539541811865,0.0,-0.5,0.1115202361541097,-0.01111077930269938,-0.6836841514667065,-0.24406403435243595
1997-09-01,700.0,77.0,26,0.11,0.11834232713823271,0.028470906160112552,-0.2930123506191815,3.7177258826197024,0.10795652376297539,0.391304347826087,-0.10869565217391303,0.1129070520745077,0.0013868159203979935,-0.13228103636828595,1.333935211945304
1997-10-01,1991.0,219.0,86,0.10999497739829231,0.11588885694489791,0.0277472232021173,-0.2124133108265715,-1.5321279477093626,-0.04433681983673074,0.34782608695652173,-0.15217391304347827,0.11133322512254472,-0.001573826951962981,-0.13163313803716045,-0.550755216767295
1997-11-01,1486.0,93.0,36,0.06258411843876177,0.10940410463714428,0.03045848295902784,-1.5371739380902145,-1.405359667056253,-0.04740583635782285,0.0,-0.5,0.10841755736233837,-0.002915667760206353,-0.7210663344196958,-0.5900810947136609
1997-12-01,806.0,31.0,11,0.038461538461538464,0.10259101790602478,0.03638654602872199,-1.762450313197225,1.0994842521566326,0.02328827898230723,0.0,-0.5,0.0860002943927498,-0.02241726296958857,-1.0138189829751565,0.29668054782707465
1998-01-01,491.0,57.0,19,0.11608961303462322,0.1032153785699206,0.03656283130232646,0.3521126238351089,2.339839312139344,0.10175065455030806,0.5217391304347826,0.021739130434782594,0.08379974168303213,-0.002200552709717668,-0.03671284545614901,1.2698587860744683
1998-02-01,983.0,71.0,29,0.07222787385554426,0.0982066281761182,0.036327541063215174,-0.715125592325865,-3.181801153193308,-0.1214898137521637,0.13043478260869565,-0.3695652173913043,0.08489302019812667,0.0010932785150945395,-0.5875344492084202,-1.5279277412712786
1998-03-01,1152.0,89.0,34,0.07725694444444445,0.09617144817335423,0.036796393476639364,-0.5140314563957982,1.2683323520910408,0.048890809767979146,0.17391304347826086,-0.32608695652173914,0.07943584427220075,-0.005457175925925914,-0.5203462673813454,0.618009785579346
1998-04-01,969.0,89.0,30,0.09184726522187822,0.09387222534933824,0.03606515839714178,-0.05614726837358081,0.25679005209215044,0.009561250188533585,0.2608695652173913,-0.2391304347826087,0.07641122557613172,-0.0030246186960690286,-0.33260598203252206,0.1205521035217485
1998-05-01,786.0,123.0,48,0.15648854961832062,0.10023976073419828,0.039944999607757915,1.408155950343231,1.0064190306945946,0.050050963619008626,0.9565217391304348,0.4565217391304348,0.0920619641060582,0.015650738529926475,0.4916703731308967,0.6365360698145955
1998-06-01,2301.0,255.0,93,0.11082138200782268,0.09506111621159435,0.033101505034245644,0.4761193117933253,-2.396339857266718,-0.11030845200694034,0.5217391304347826,0.021739130434782594,0.10412193803043891,0.012059973924380712,-0.09455889271110329,-1.4105056210054188
1998-07-01,1051.0,85.0,38,0.08087535680304472,0.09102631850410396,0.03145974285211246,-0.3226651199527405,0.13325220680383998,0.01572114240571998,0.2608695652173913,-0.2391304347826087,0.09825289532517582,-0.005869042705263089,-0.47832223481188596,0.2024659237412173
1998-08-01,379.0,26.0,10,0.06860158311345646,0.09127076686647727,0.0312555264742539,-0.7252856153837013,0.396163936315105,0.017672251515189696,0.13043478260869565,-0.3695652173913043,0.09764851353482785,-0.0006043817903479687,-0.6330981560883898,0.2289874208242788
1998-09-01,529.0,83.0,32,0.15689981096408318,0.09517908444681754,0.03633064720127765,1.6988611894338919,2.826767300248554,0.10057200154021498,0.9565217391304348,0.4565217391304348,0.11092232462143432,0.013273811086606468,0.5114774698423257,1.2993515472072192
1998-10-01,483.0,59.0,21,0.12215320910973085,0.09619227042277075,0.03694572106386629,0.7026778186865721,-3.420330175564913,-0.12304482970497904,0.7391304347826086,0.23913043478260865,0.11597331526940975,0.0050509906479754285,0.05797336425261744,-1.5980797315204236
1998-11-01,670.0,85.0,31,0.12686567164179105,0.10154906652302319,0.036284050895507715,0.6977337010047652,0.9912392530655129,0.03945906438641253,0.782608695652174,0.28260869565217395,0.11103616893998818,-0.004937146329421577,0.11917238019731198,0.5147031215344028
1998-12-01,597.0,71.0,27,0.11892797319932999,0.10825460275117248,0.030546946656427078,0.34940875002025235,-0.34338083330270597,-0.012650160974521263,0.6521739130434783,0.15217391304347827,0.11238726747190604,0.0013510985319178659,0.01458458765672797,-0.16578680848527855
1999-01-01,782.0,144.0,54,0.18414322250639387,0.11392573687382002,0.037629811109741076,1.8660068589713685,1.864923059935629,0.07315294774952494,1.0,0.5,0.12959857842246422,0.01721131095055818,0.8702605679847834,0.9602637728686394
1999-02-01,499.0,63.0,23,0.12625250501002003,0.11842778947002634,0.03535025424512835,0.22134821112558237,-3.1612567567969023,-0.12310596680343772,0.7391304347826086,0.23913043478260865,0.13920706540522484,0.009608486982760622,0.1030770839116134,-1.6228594644012255
1999-03-01,1125.0,202.0,74,0.17955555555555555,0.12695267372928562,0.03682332106155857,1.4285208479249396,2.8518312846451437,0.11119376804190936,0.9565217391304348,0.4565217391304348,0.1429830228371369,0.003775957431912058,0.8062064167623745,1.470312816923931
1999-04-01,2023.0,266.0,100,0.1314878892733564,0.1302560590669088,0.03512672762664583,0.03506817428427855,-2.6006253104400185,-0.10137071682773469,0.782608695652174,0.28260869565217395,0.14453880286440782,0.0015557800272709144,0.16492025248917402,-1.3444154971239617
1999-05-01,1844.0,255.0,110,0.13828633405639915,0.128739207770082,0.03427361645363397,0.27855613950843783,1.6369406388648202,0.05486611106524192,0.782608695652174,0.28260869565217395,0.14644224660017582,0.0019034437357680067,0.25471412555270495,0.7310800373367314
1999-06-01,915.0,90.0,41,0.09836065573770492,0.12770081391423885,0.035045888664147214,-0.8371925864887432,-1.3592366912213403,-0.046724123101736986,0.34782608695652173,-0.15217391304347827,0.14301436035657164,-0.0034278862436041835,-0.2805848550058231,-0.625092853622059
1999-07-01,1437.0,202.0,71,0.14057063326374392,0.13267542028596377,0.03188959041988917,0.2475796293970585,2.2005209418829828,0.08213565584473323,0.8260869565217391,0.32608695652173914,0.13575226214946332,-0.007262098207108325,0.28771621823470733,1.1036000537990585
1999-08-01,1000.0,181.0,67,0.181,0.14204195502650907,0.027573753110538564,1.412866968718935,0.08051512343607492,-0.0017806107897829215,0.9565217391304348,0.4565217391304348,0.1448768446477933,0.00912458249832998,0.8294567944154736,-0.026560497059764154
1999-09-01,976.0,89.0,36,0.09118852459016394,0.13656601449534914,0.030702257652082118,-1.4779854439176026,-4.056139751958414,-0.13024084214609216,0.2608695652173913,-0.2391304347826087,0.1301490061535614,-0.014727838494231899,-0.387248541798297,-1.7584459123945368
1999-10-01,839.0,104.0,41,0.12395709177592372,0.13671633805086522,0.030629604932138635,-0.41656581282096933,3.9522720437331706,0.12258004259559584,0.5652173913043478,0.06521739130434778,0.12889387323732263,-0.0012551329162387714,0.05876137455142929,1.6627152525634967
1999-11-01,1482.0,110.0,41,0.07422402159244265,0.13232953388008617,0.035544114790869275,-1.6347435469843214,-2.2795973652599852,-0.08250163736924085,0.13043478260869565,-0.3695652173913043,0.1182168211599965,-0.010677052077326124,-0.6178275801639068,-1.1225988710650623
1999-12-01,944.0,107.0,39,0.11334745762711865,0.13186449091573524,0.03577117588940798,-0.5176523507604226,2.335268930387251,0.08885650621815706,0.391304347826087,-0.10869565217391303,0.12071462147489882,0.002497800314902321,-0.08099720888251659,1.2134193259967263
2000-01-01,892.0,94.0,36,0.10538116591928251,0.1253009862001426,0.03237099271926942,-0.6153601915644203,-1.2147990370278965,-0.04708972774251213,0.34782608695652173,-0.15217391304347827,0.11484971025082191,-0.00586491122407691,-0.1898843186175311,-0.6457174810164048
2000-02-01,775.0,107.0,55,0.13806451612903226,0.12628532046006033,0.03258146183298672,0.3615306068632629,1.0745986392316809,0.04064964191758588,0.6956521739130435,0.19565217391304346,0.10769379627232728,-0.007155913978494632,0.2608556247768602,0.5596270531294059
2000-03-01,753.0,153.0,67,0.20318725099601595,0.128254628413432,0.036564661397389404,2.049318104390648,0.710896699099702,0.03243938465723395,1.0,0.5,0.12636025067330262,0.018666454400975335,1.153629923372579,0.4420343552013276
2000-04-01,808.0,147.0,60,0.18193069306930693,0.13245819539642786,0.0397324521939046,1.245140809115947,-2.4919647928020865,-0.08637929279369272,0.9130434782608695,0.4130434782608695,0.13602251755553316,0.009662266882230541,0.853017162993025,-1.193387058975273
2000-05-01,653.0,84.0,29,0.12863705972434916,0.13165408920209037,0.039701408455750126,-0.07599300868894597,-0.516956522530192,-0.03203707541824874,0.5652173913043478,0.06521739130434778,0.14509135724418423,0.009068839688651076,0.11310564956974505,-0.4392987530437258
2000-06-01,570.0,77.0,29,0.13508771929824562,0.13471467783213545,0.038292119813249495,0.00974199046512678,1.4068688169589658,0.05974429291885422,0.6086956521739131,0.10869565217391308,0.14871473418937206,0.0036233769451878284,0.20213371038615377,0.8289395742396887
2000-07-01,643.0,124.0,49,0.19284603421461896,0.13907096124470836,0.0418290750951984,1.2855907726270404,1.1901137830078408,0.05130765534247689,0.9565217391304348,0.4565217391304348,0.1632922122385948,0.014577478049222742,1.0018514617078427,0.7106896905052801
2000-08-01,531.0,28.0,12,0.05273069679849341,0.12838185264458282,0.0462914671287303,-1.6342354334053357,-4.195674988194289,-0.1978736523324989,0.0,-0.5,0.14906990901683834,-0.014222303221756466,-0.9503455780684673,-2.751914791097999
2000-09-01,711.0,110.0,40,0.15471167369901548,0.13367544840365378,0.04527245718023955,0.46465835091768687,5.0187199903553985,0.24209631431664763,0.7391304347826086,0.23913043478260865,0.14099064613400492,-0.008079262882833421,0.4739848210522964,3.3765274388970736
2000-10-01,351.0,37.0,15,0.10541310541310542,0.13213011620675225,0.0459458239541559,-0.5814894259009196,-3.145041561141629,-0.15127954518643213,0.21739130434782608,-0.28260869565217395,0.12823771485797134,-0.01275293127603358,-0.21686467211444027,-2.1151798922875003
2000-11-01,399.0,31.0,14,0.07769423558897243,0.13241930070646307,0.04555750801324177,-1.2012304338855457,0.42640676883398027,0.02157969846177707,0.08695652173913043,-0.41304347826086957,0.1197472441687419,-0.008490470689229437,-0.6040799764242825,0.30363418885689447
2000-12-01,366.0,71.0,25,0.19398907103825136,0.13913943515739077,0.04835054839958424,1.1344160034663067,2.955387445336479,0.14401370527341192,0.9565217391304348,0.4565217391304348,0.1295641361254095,0.009816891956667614,1.0296227476826918,2.0209180284168164
2001-01-01,377.0,63.0,24,0.16710875331564987,0.14428340077375473,0.04771188937502724,0.47839967858917143,-2.9916627622289873,-0.14317515317188043,0.7391304347826086,0.23913043478260865,0.12527458930891464,-0.004289546816494877,0.6467641140903819,-2.0165613576992842
2001-02-01,516.0,60.0,24,0.11627906976744186,0.14246794691028888,0.048379828461123896,-0.5413181066545402,-0.36370146036657625,-0.023949365825606528,0.34782608695652173,-0.15217391304347827,0.13586598480373938,0.01059139549482474,-0.0719671562165779,-0.33587263671464984
2001-03-01,1019.0,121.0,50,0.11874386653581943,0.1354309982052725,0.0447502769491079,-0.37289448931076874,1.188141402587483,0.05329448031658558,0.391304347826087,-0.10869565217391303,0.12987135027654007,-0.005994634527199311,-0.036834412282085525,0.7538640142414522
2001-04-01,4609.0,802.0,338,0.1740073768713387,0.1347707218554418,0.044054866563785204,0.890631570954545,1.0951024429215424,0.05279871356714168,0.782608695652174,0.28260869565217395,0.14130372885291229,0.01143237857637222,0.7464629309465528,0.7481645992941459
2001-05-01,1504.0,186.0,74,0.12367021276595745,0.1343568179422425,0.0441409803831038,-0.24210167249424397,-2.396259303714103,-0.10560067444090047,0.43478260869565216,-0.06521739130434784,0.1489663917157431,0.007662662862830821,0.027798274805713147,-1.5019619993694782
2001-06-01,753.0,104.0,35,0.13811420982735723,0.13460902548633513,0.04415418039947134,0.07938510712485249,1.4542200230678854,0.06478116116678101,0.6086956521739131,0.10869565217391308,0.13965391484726075,-0.009312476868482356,0.23385519532885551,0.924721576663982
2001-07-01,1158.0,59.0,21,0.05094991364421416,0.12278434877213473,0.0460976534308021,-1.5583100175750235,-1.9591819043189724,-0.10160829324454283,0.0,-0.5,0.1202941082353548,-0.01935980661190595,-1.0118937759419526,-1.4518058917939505
2001-08-01,632.0,45.0,17,0.07120253164556962,0.1243236683427244,0.043796705787742946,-1.2129025629142498,1.9831025793606498,0.10741691418449853,0.08695652173913043,-0.41304347826086957,0.11278135188170944,-0.007512756353645358,-0.716848130659884,1.5407946165528768
2001-09-01,1043.0,237.0,96,0.22722914669223393,0.1303667910921593,0.05250761021073717,1.844729844137288,2.7122249523907636,0.13577399704530885,1.0,0.5,0.13086223190777851,0.01808088002606907,1.5120858721507988,1.9338883575286139
2001-10-01,809.0,111.0,46,0.13720642768850433,0.1330162346151092,0.05193299880921329,0.08068459687430493,-4.821677654314521,-0.24604933405039392,0.5652173913043478,0.06521739130434778,0.12472874037730612,-0.006133491530472393,0.22095307831781247,-3.520066796643669
2001-11-01,353.0,56.0,23,0.15864022662889518,0.13976173386843607,0.049283451294849935,0.38305947056171147,2.0664201209503896,0.11145651794412045,0.6956521739130435,0.19565217391304346,0.13055707602112906,0.005828335643822943,0.5268505560383955,1.5970302715535694
2001-12-01,472.0,53.0,19,0.11228813559322035,0.13295332258135018,0.04668597728095859,-0.4426422705851412,-1.1280766148342594,-0.06778588997606569,0.2608695652173913,-0.2391304347826087,0.1262527303154396,-0.004304345705689466,-0.14098000907541594,-0.9737280428343944
2002-01-01,553.0,77.0,30,0.13924050632911392,0.1306309686658055,0.04551083838921736,0.18917554516746105,1.4575195568994548,0.07330446177156841,0.6086956521739131,0.10869565217391308,0.14096782909625624,0.014715098780816643,0.24806484687552513,1.0568754210647526
2002-02-01,978.0,119.0,49,0.12167689161554192,0.1310807871531472,0.04538258674221226,-0.20721374017357003,-1.0282071010936333,-0.044515985449465584,0.34782608695652173,-0.15217391304347827,0.14938022242458493,0.008412393328328688,-0.00685768020105498,-0.6439673830275212
2002-03-01,431.0,45.0,17,0.10440835266821345,0.12988616099751335,0.04592233022355421,-0.5548021671651142,0.048800858349486886,0.00029507576624351883,0.17391304347826086,-0.32608695652173914,0.12891009008724819,-0.020470132337336744,-0.2574560697530295,0.004324137524605615
2002-04-01,489.0,27.0,11,0.05521472392638037,0.11998677325210015,0.04828949804521571,-1.3413278652238358,-0.43893727106717745,-0.03192508979450463,0.08695652173913043,-0.41304347826086957,0.1152448061268942,-0.013665283960353991,-0.9698862288642174,-0.4618317695592134
2002-05-01,388.0,26.0,9,0.06701030927835051,0.1152651146281329,0.05061085144388249,-0.9534478075969043,1.1744057556856533,0.06098921409380323,0.13043478260869565,-0.3695652173913043,0.09997315323513674,-0.015271652891757456,-0.7931249237824382,0.889191464192967
2002-06-01,226.0,25.0,9,0.11061946902654868,0.11297388622806553,0.050102209408077344,-0.04699228296182251,0.5185754670081502,0.03181357439622802,0.34782608695652173,-0.15217391304347827,0.09969504214069147,-0.0002781110944452686,-0.1544415710415813,0.46192204765907774
2002-07-01,487.0,56.0,21,0.11498973305954825,0.11831053784601005,0.04614983258193714,-0.07195702780862405,-0.9314202694818833,-0.03923889571519859,0.43478260869565216,-0.06521739130434784,0.09565324659576387,-0.004041795544927604,-0.08997868120534017,-0.5742204629046157
2002-08-01,507.0,83.0,33,0.16370808678500987,0.12601933410763008,0.04528349513152891,0.8322845347495882,0.9292063074050139,0.04434808969246204,0.8260869565217391,0.32608695652173914,0.10265844579067518,0.007005199194911313,0.6247985365517791,0.6503143279208782
2002-09-01,407.0,23.0,9,0.056511056511056514,0.11179282659253194,0.036575944084882836,-1.5114242834903029,-3.2479503807981036,-0.15591538399941496,0.08695652173913043,-0.41304347826086957,0.0946755630978157,-0.007982882692859475,-0.9514818127701795,-2.291057567079078
2002-10-01,664.0,102.0,44,0.1536144578313253,0.11316016243776701,0.037895261125837666,1.0675291366702266,4.92266223840042,0.20430043159422212,0.7391304347826086,0.23913043478260865,0.11107551874863986,0.016399955650824152,0.4802904445571459,3.0080526066492843
2002-11-01,401.0,62.0,22,0.1546134663341646,0.11282459907987281,0.03747138047975193,1.1152209157832562,-2.5312616410475,-0.0961043928174295,0.7391304347826086,0.23913043478260865,0.12567604492460885,0.014600526175968992,0.49309617085572616,-1.4189665310287451
2002-12-01,779.0,144.0,54,0.18485237483953787,0.11887161901706594,0.042846515920735254,1.5399328137796386,0.37702011888335285,0.029239900002533986,0.9565217391304348,0.4565217391304348,0.1380481958934404,0.012372150968831541,0.9361132682426625,0.4302113710883561
2003-01-01,833.0,173.0,63,0.20768307322929172,0.12457516625874741,0.04979620340338687,1.6689607096610855,-0.2956840021149356,-0.007408210115619429,0.9565217391304348,0.4565217391304348,0.15349708592173097,0.015448890028290585,1.2644008836814236,-0.11472948194817528
2003-02-01,659.0,149.0,57,0.22610015174506828,0.1332771046028746,0.05773491028206304,1.6077455856206944,-0.1902430199218379,-0.004413619873977287,0.9565217391304348,0.4565217391304348,0.16389576341507406,0.010398677493343084,1.5210012579622623,-0.07168724115792235
2003-03-01,613.0,142.0,50,0.23164763458401305,0.1438803780958579,0.06336095868718984,1.385194578911883,-0.16133588266842036,-0.012869595676831797,1.0,0.5,0.19308519309390013,0.029189429678826068,1.5849849872941426,-0.19261664494895836
2003-04-01,1433.0,167.0,62,0.11653872993719469,0.14899071193009245,0.05778746584394832,-0.5615747553376443,-1.7242183275407157,-0.1206563874857631,0.391304347826087,-0.10869565217391303,0.18690590511154503,-0.006179287982355092,-0.10444825344780345,-1.7534169700738262
2003-05-01,561.0,69.0,26,0.12299465240641712,0.15365607385743132,0.05259374726418651,-0.5829860591031317,1.9253580304840399,0.12156482711604079,0.4782608695652174,-0.021739130434782594,0.1816361027902538,-0.005269802321291234,-0.009352178197832317,1.784529315991917
2003-06-01,772.0,69.0,23,0.08937823834196891,0.15188597130038303,0.054496885974933594,-1.1469964171377645,-0.5425990542691453,-0.04007233653367062,0.21739130434782608,-0.28260869565217395,0.16572374670732562,-0.01591235608292818,-0.503972142936159,-0.5897160399882978
2003-07-01,952.0,120.0,43,0.12605042016806722,0.15280769522609292,0.05390645499942673,-0.4963649540358431,1.2146418211365542,0.07028859589054652,0.5217391304347826,0.021739130434782594,0.15211830453045486,-0.013605442176870763,0.038881142485209304,1.037473250159695
2003-08-01,1191.0,72.0,26,0.060453400503778336,0.1442031380359903,0.05991433366287001,-1.3978247342857988,-1.5520912433518772,-0.1022692014903872,0.08695652173913043,-0.41304347826086957,0.12451051265690655,-0.02760779187354831,-0.9300316440082947,-1.5117660719148724
2003-09-01,817.0,116.0,42,0.1419828641370869,0.15132578867149282,0.053251755233580035,-0.17544819871992415,2.12383631581583,0.14712648329759748,0.6521739130434783,0.15217391304347827,0.10956638424908553,-0.014944128407821014,0.2804088727525719,2.179353303254371
2003-10-01,1203.0,141.0,54,0.1172069825436409,0.14829183239751914,0.05413924809484459,-0.5741647870583984,-1.621093123904349,-0.10630534522675458,0.43478260869565216,-0.06521739130434784,0.10967775968349323,0.00011137543440770115,-0.08847893990157556,-1.5793283294150142
2003-11-01,1067.0,77.0,32,0.07216494845360824,0.14142112257413944,0.05833328972276636,-1.187249586808437,-0.2143682114115644,-0.020266152496586642,0.17391304347826086,-0.32608695652173914,0.1012061423580251,-0.00847161732546814,-0.7580304800501041,-0.30066372749438103
2003-12-01,1024.0,158.0,58,0.154296875,0.1388748309208446,0.05691477496435103,0.27096732067929824,2.071301707237774,0.12717396063642442,0.7391304347826086,0.23913043478260865,0.11202591513436361,0.010819772776338513,0.4692772685531606,1.8968592887517932
2004-01-01,717.0,39.0,15,0.05439330543933055,0.12610068360501453,0.057268598062128036,-1.252123861804544,-2.9813080899715776,-0.18203549610706124,0.0,-0.5,0.10008306267957416,-0.011942852454789446,-1.0229210320718323,-2.719506049228258
2004-02-01,1302.0,85.0,31,0.065284178187404,0.11269935247520917,0.05010917277153745,-0.9462374185258452,1.8289776257625412,0.1107944423087429,0.17391304347826086,-0.32608695652173914,0.10088819229351177,0.0008051296139376107,-0.8552104899610561,1.6599088427357689
2004-03-01,806.0,73.0,30,0.09057071960297766,0.10094294289345622,0.03344282194410597,-0.3101479686078518,0.33020300663929447,0.014395668667500222,0.34782608695652173,-0.15217391304347827,0.09231950153782688,-0.008568690755684893,-0.4740001983525395,0.21349974949774042
2004-04-01,1217.0,199.0,83,0.16351684470008218,0.10485778579036349,0.037888590763326305,1.548198487405788,1.2222570060956466,0.04765958368153085,0.782608695652174,0.28260869565217395,0.10003781189723376,0.007718310359406885,0.6207986766164663,0.713588583360489
2004-05-01,679.0,136.0,60,0.20029455081001474,0.11129944399066331,0.0467802299662744,1.9024084935775496,-1.504136449841878,-0.03616841898717196,0.8695652173913043,0.3695652173913043,0.12139274562330153,0.021354933726067768,1.1669748995006388,-0.5486226520848332
2004-06-01,867.0,106.0,48,0.12226066897347174,0.11403964654328853,0.046340433697848,0.1774049523098222,-2.079213547439489,-0.11481158794647553,0.43478260869565216,-0.06521739130434784,0.11605337795221347,-0.005339367671088058,-0.007684587900303341,-1.7208357102851148
2004-07-01,434.0,52.0,19,0.11981566820276497,0.11352008387951334,0.04622834446051185,0.13618450750771102,1.6837830964656162,0.07558888106583624,0.391304347826087,-0.10869565217391303,0.12695710507945254,0.010903727127239068,-0.04447006920550555,1.13787400609574
2004-08-01,291.0,10.0,5,0.03436426116838488,0.11134598893489722,0.049452005443104984,-1.5566957715209462,-1.651659834226546,-0.08300640626367331,0.0,-0.5,0.12180378557628269,-0.005153319503169856,-1.3276984418243554,-1.2464428913136476
2004-09-01,480.0,60.0,21,0.125,0.10993075025680665,0.04873330796340199,0.30921869195725715,3.5587947425068607,0.17608714586599522,0.5217391304347826,0.021739130434782594,0.1275419989757864,0.005738213399503728,0.04141829969056146,2.652345114133767
2004-10-01,420.0,51.0,23,0.12142857142857143,0.11028254933055086,0.04880579281933283,0.2283749828484588,-1.9467581725870016,-0.09420716740304368,0.43478260869565216,-0.06521739130434784,0.12052728676386797,-0.007014712211918447,-0.012653429794798806,-1.4231884710002771
2004-11-01,294.0,21.0,7,0.07142857142857142,0.11022118457846447,0.04885851042882542,-0.7939786295041504,-0.9415099032438109,-0.04642857142857143,0.17391304347826086,-0.32608695652173914,0.09904962353362741,-0.021477663230240557,-0.7688679148519603,-0.7021427555718012
2004-12-01,348.0,30.0,10,0.08620689655172414,0.1045470197077748,0.04720011578770376,-0.38856097808193296,1.4277712637748268,0.06477832512315272,0.2608695652173913,-0.2391304347826087,0.09304066146333616,-0.006008962070291252,-0.5421307377088359,0.9829516622002858
2005-01-01,261.0,38.0,16,0.14559386973180077,0.11214706673214732,0.045709239665521664,0.7317295856242884,0.7148729122840038,0.04460864805692391,0.782608695652174,0.28260869565217395,0.09733702838484211,0.004296366921505951,0.3618231238956232,0.6772166844613347
2005-02-01,475.0,100.0,35,0.21052631578947367,0.12425057819898648,0.05108556720497358,1.6888476004253423,-0.16317254890516736,0.005545472877596269,0.9565217391304348,0.4565217391304348,0.12669737082169022,0.02936034243684811,1.3433325366854518,0.0775555511853695
2005-03-01,554.0,147.0,61,0.26534296028880866,0.1388149315894724,0.06391355644770257,1.979674355985309,-0.6662912592410873,-0.010115801558337911,1.0,0.5,0.15008786420315834,0.02339049338146812,2.1451621993838597,-0.1796797500914208
2005-04-01,301.0,58.0,20,0.19269102990033224,0.14124611368949322,0.06547441650041366,0.7857254628685999,-1.4847756486766759,-0.12746857488781138,0.8695652173913043,0.3695652173913043,0.16196494061511849,0.011877076411960147,1.0429279437991446,-1.9040639182831232
2005-05-01,611.0,77.0,31,0.1260229132569558,0.13505681056007166,0.06284268208143012,-0.1437541652249968,0.2644692650231124,0.005983813745099986,0.6086956521739131,0.10869565217391308,0.1710639975865159,0.009099056971397401,0.03711258879266857,0.09641890057823899
2005-06-01,422.0,98.0,34,0.23222748815165878,0.14422071215825388,0.06856443806386842,1.283563002608229,2.3567967959268223,0.1728726915380794,0.9565217391304348,0.4565217391304348,0.19540076285317165,0.024336765266655763,1.6273767051661276,2.596079471379935
2005-07-01,651.0,110.0,38,0.16897081413210446,0.14831697431903218,0.06844208756321805,0.30177103809107086,-2.409109132350384,-0.1694612489142573,0.782608695652174,0.28260869565217395,0.1992969202532223,0.0038961574000506427,0.6722378661293202,-2.5454029554102666
2005-08-01,624.0,81.0,32,0.12980769230769232,0.15627059358064113,0.058872562542866665,-0.44949463943718226,0.2305262869889051,0.02409355219514217,0.5652173913043478,0.06521739130434778,0.18584381633959204,-0.013453103913630249,0.08143266676835215,0.3643336396758392
2005-09-01,667.0,70.0,26,0.10494752623688156,0.15459955410038126,0.0601123671796507,-0.8259869007505657,0.3747734162148697,0.014302955753601382,0.30434782608695654,-0.19565217391304346,0.1591112439976042,-0.026732572341987837,-0.29361960264825987,0.21575292994435608
2005-10-01,455.0,51.0,21,0.11208791208791209,0.15382116582199298,0.060639110183859105,-0.688223385988758,0.5142557760751911,0.0320005519218413,0.34782608695652173,-0.15217391304347827,0.1456773910288675,-0.013433852968736698,-0.18488798149303065,0.48378389057184124
2005-11-01,671.0,98.0,40,0.14605067064083457,0.1600396740896816,0.05498423027342395,-0.25441846469947677,0.29604140652747357,0.026822372701891944,0.6521739130434783,0.15217391304347827,0.1490153505928473,0.003337959563979781,0.3302567424982104,0.4064131028360118
2005-12-01,285.0,22.0,10,0.07719298245614035,0.15928851458171628,0.056134129753286376,-1.4624887298759564,-1.6418751864657608,-0.10282044673761669,0.17391304347826086,-0.32608695652173914,0.12317626631026089,-0.025839084282586397,-0.7157470323805148,-1.5611484988699664
2006-01-01,667.0,97.0,34,0.1454272863568216,0.15927463263380134,0.05613784478858695,-0.24666686669444382,2.4238921283579917,0.13709199208537545,0.6086956521739131,0.10869565217391308,0.11925234501438041,-0.003923921295880484,0.3239904065882921,2.085741213847532
2006-02-01,583.0,79.0,30,0.13550600343053174,0.15302293993722285,0.05404984447175163,-0.32408856450726864,-1.2932435609943373,-0.07815558682697109,0.5652173913043478,0.06521739130434778,0.12020206353485365,0.0009497185204732361,0.17186797218733085,-1.191859873369768
2006-03-01,1405.0,219.0,85,0.15587188612099645,0.14390035042323848,0.04104200997527407,0.29168980040135145,0.693200062721445,0.03028716561675457,0.6956521739130435,0.19565217391304346,0.1286894568488728,0.008487393314019168,0.48245988577647175,0.46271434799010214
2006-04-01,1536.0,146.0,55,0.09505208333333333,0.13576377154265526,0.04015887563416795,-1.01376563876414,-1.9212338040741117,-0.08118568547812785,0.17391304347826086,-0.32608695652173914,0.12585015205644298,-0.002839304792429831,-0.45010525804092194,-1.2431570574065347
2006-05-01,1012.0,138.0,55,0.13636363636363635,0.13662549846821195,0.04004162930607557,-0.006539746486686222,2.312681331442945,0.10213135581796615,0.6086956521739131,0.10869565217391308,0.12423564634357664,-0.0016145057128663376,0.18508937916663218,1.5677597810249477
2006-06-01,1221.0,169.0,61,0.13841113841113842,0.1288074693231686,0.026571758716823282,0.36142391590698403,-0.6392622298837836,-0.03926405098280096,0.6086956521739131,0.10869565217391308,0.13443867233607631,0.01020302599249967,0.21610234082660323,-0.6041816755475831
2006-07-01,1147.0,241.0,83,0.2101133391455972,0.132236013074293,0.03387561905325737,2.298919643324297,1.5695320650236426,0.06965469868695673,0.8695652173913043,0.3695652173913043,0.14521968113420558,0.010781008798129266,1.3156966757840385,1.0685813732974643
2006-08-01,1024.0,134.0,51,0.130859375,0.13232365329865195,0.0338701255460949,-0.04323214853925381,-4.279647519280863,-0.150956164880056,0.43478260869565216,-0.06521739130434784,0.1444452430624503,-0.0007744380717552846,0.0922656572634747,-2.323025353477999
2006-09-01,1492.0,182.0,66,0.12198391420911528,0.1337433522963381,0.032963217487209276,-0.3567442435431505,2.028639696859654,0.07037850335471249,0.30434782608695654,-0.19565217391304346,0.13879724774380342,-0.005647995318646876,-0.04494805226685543,1.0862173089902336
2006-10-01,1204.0,232.0,78,0.19269102990033224,0.14046027878070647,0.03620243106569006,1.442741539231219,2.112997877778266,0.07958257648210168,0.782608695652174,0.28260869565217395,0.15507040550496992,0.0162731577611665,1.0463385076420766,1.2285002694392622
2006-11-01,1726.0,215.0,78,0.12456546929316338,0.13866984533506718,0.036431381115914076,-0.3871490898746817,-3.6293764118802705,-0.13883267629838583,0.2608695652173913,-0.2391304347826087,0.15310404432655775,-0.0019663611784121737,-0.010084524577227225,-2.147709592128236
2006-12-01,1724.0,281.0,107,0.16299303944315546,0.14581985008398513,0.03133171950336585,0.5481087419196857,2.765148460900268,0.10655313075716094,0.6956521739130435,0.19565217391304346,0.15720102783189394,0.004096983505336188,0.5853748952645232,1.6518824520610544
2007-01-01,1829.0,256.0,97,0.13996719518862766,0.14536484248663564,0.03137755161300407,-0.1720225773055853,-1.6553891510196383,-0.06145341440451989,0.5217391304347826,0.021739130434782594,0.14551000383906568,-0.011691023992828259,0.22625750582003057,-0.9545768092862431
2007-02-01,1323.0,174.0,65,0.13151927437641722,0.14503261506545942,0.03151224400644936,-0.42882825755844395,0.46332563897241236,0.01457792344231737,0.391304347826087,-0.10869565217391303,0.14561998706846854,0.00010998322940286576,0.09417679607191883,0.22703667969638092
2007-03-01,2409.0,589.0,235,0.24449979244499792,0.15241827392579288,0.04268797024792447,2.15708355268267,2.8427174904939725,0.12142843888079113,1.0,0.5,0.1660393001077823,0.02041931303931377,1.8418783206688032,1.879782234344996
2007-04-01,2260.0,640.0,288,0.2831858407079646,0.16809608704034548,0.05300483824669885,2.1713065726558827,-2.5716887902679013,-0.07429446980561402,1.0,0.5,0.18112176857572104,0.015082468467938731,2.4032973091338414,-1.186282536131846
2007-05-01,2489.0,650.0,274,0.2611490558457212,0.17849487199718586,0.05819944664509426,1.420188483106521,-0.7653411095225744,-0.060722833125210096,0.9565217391304348,0.4565217391304348,0.203885699667814,0.02276393109209296,2.038869913590518,-0.9258463840083617
2007-06-01,2222.0,386.0,146,0.17371737173717372,0.18143705810768884,0.05686600901079823,-0.135752209532574,-0.8048226030897334,-0.06539489924630404,0.782608695652174,0.28260869565217395,0.20567308838348372,0.0017873887156697188,0.7028278156815041,-0.9716147023656903
2007-07-01,1795.0,190.0,71,0.10584958217270195,0.1727484116932809,0.05996696006579558,-1.1155948116625847,0.5760980905090843,0.0195638945440757,0.13043478260869565,-0.3695652173913043,0.1999868195474961,-0.0056862688359876346,-0.3326876938872824,0.3005265883402273
2007-08-01,1325.0,166.0,62,0.12528301886792453,0.17228371534894127,0.06034151300083172,-0.7789114681358569,1.3165259456567384,0.08730122625969436,0.30434782608695654,-0.19565217391304346,0.198947443629414,-0.0010393759180820916,-0.03521138832957686,1.3329918151264921
2007-09-01,2620.0,343.0,129,0.13091603053435114,0.17302805837604426,0.059716486909726,-0.7051993514848637,-0.2629712268757346,-0.013800425028795985,0.34782608695652173,-0.15217391304347827,0.18001681664430622,-0.01893062698510778,0.05107624583587386,-0.21118867139225483
2007-10-01,2947.0,365.0,142,0.12385476756023074,0.16729170318103578,0.06094942592514064,-0.7126717760090997,-0.08118454117522922,-0.01269427464054701,0.17391304347826086,-0.32608695652173914,0.15346163778635055,-0.026555178857955664,-0.05736154066341015,-0.19472542066473475
2007-11-01,2349.0,312.0,117,0.13282247765006386,0.16797978721077753,0.060467927379672076,-0.581420780969793,0.13872341956354273,0.01602897306395351,0.43478260869565216,-0.06521739130434784,0.132073874753741,-0.021387763032609558,0.08065873198077395,0.2464580591434681
2007-12-01,2335.0,409.0,150,0.17516059957173447,0.16899375055482577,0.060478720232397566,0.1019672538243494,0.5521370397548357,0.03337041183183749,0.782608695652174,0.28260869565217395,0.1323144127261678,0.00024053797242681862,0.732073669913427,0.513394665288469
2008-01-01,2343.0,291.0,110,0.12419974391805377,0.16767979628227792,0.061331940377097896,-0.7089299979242158,-1.4942852865427076,-0.0932989775753513,0.17391304347826086,-0.32608695652173914,0.13537277301705974,0.0030583602908919316,-0.055875592830969226,-1.4393642006770495
2008-02-01,3027.0,559.0,204,0.18467129170796168,0.17210913105990663,0.060395195103921266,0.20799933879573512,1.7278265884685162,0.1114324034435886,0.782608695652174,0.28260869565217395,0.14527081849039927,0.009898045473339528,0.8778602981585646,1.72168515373393
2008-03-01,2667.0,719.0,249,0.26959130108736407,0.17420009011343715,0.06348462649147038,1.502587575068169,0.3776588995524828,0.024448461589494486,0.9565217391304348,0.4565217391304348,0.16838336358256809,0.023112545092168812,2.1660293921201146,0.3544332029720162
2008-04-01,3644.0,692.0,263,0.18990120746432493,0.16642637067646715,0.05391638180399321,0.4353933999725323,-2.3617824113680705,-0.16461010300244153,0.7391304347826086,0.23913043478260865,0.1793911035665838,0.011007739984015719,0.9367694267544922,-2.5174290593271724
2008-05-01,2571.0,414.0,182,0.16102683780630106,0.1580828525065155,0.04492229130731132,0.06553506542321941,0.6973358405463238,0.05081572396501527,0.5217391304347826,0.021739130434782594,0.18409183025929,0.004700726692706186,0.49132245470010205,0.7838129933112323
2008-06-01,2397.0,388.0,163,0.16186900292031706,0.1570954884384441,0.04467695451189309,0.10684511811569981,0.4111683872417933,0.029716534772039865,0.5217391304347826,0.021739130434782594,0.1818765641507204,-0.0022152661085695913,0.5028754731515815,0.4569999905058696
2008-07-01,2078.0,240.0,93,0.11549566891241578,0.15789932900008694,0.04374822704859935,-0.9692657954016165,-1.1174209662097967,-0.047215499121917276,0.043478260869565216,-0.4565217391304348,0.18042588498311407,-0.001450679167606328,-0.21225539691750234,-0.7266838885205633
2008-08-01,1713.0,264.0,101,0.15411558669001751,0.16030204298526132,0.04256993996424192,-0.14532452478063945,1.9000521841382934,0.08499325178550302,0.4782608695652174,-0.021739130434782594,0.17533326748012343,-0.005092617502990643,0.3840245468598166,1.3114108138464027
2008-09-01,1547.0,320.0,127,0.2068519715578539,0.16663003807055324,0.04343964834834378,0.9259267746543394,0.24731002881400166,0.014116467090234647,0.8260869565217391,0.32608695652173914,0.1648767125585384,-0.010456554921585037,1.1946639668364414,0.2143594761993059
2008-10-01,1812.0,364.0,129,0.20088300220750552,0.17304905762449277,0.04221818821253055,0.6592879931960582,-1.33789008089326,-0.05870535421818476,0.782608695652174,0.28260869565217395,0.1667070116824018,0.0018302991238633992,1.0968776913926919,-0.9084256954203743
2008-11-01,2062.0,338.0,147,0.16391852570320078,0.17564039496225423,0.04044158312451191,-0.2898469435027814,-0.6824961552405586,-0.030995507153956353,0.5652173913043478,0.06521739130434778,0.1671889596652184,0.0004819479828166162,0.5234715798570553,-0.47561983609188707
2008-12-01,2246.0,358.0,133,0.15939447907390916,0.17432655158743546,0.04071377192531989,-0.3667572864758335,0.8722245937257875,0.03244042987501311,0.43478260869565216,-0.06521739130434784,0.16677653902415043,-0.00041242064106797316,0.4521648240769619,0.5020993557555432
2009-01-01,2751.0,412.0,161,0.14976372228280624,0.17645688311783148,0.03845883212833384,-0.6940710197842835,-0.25040339033539794,-0.005106710161811301,0.34782608695652173,-0.15217391304347827,0.17248788125254885,0.005711342228398419,0.3019312317033942,-0.07892683659347433
2009-02-01,3758.0,464.0,176,0.12346993081426291,0.17135676971002323,0.04122874789192388,-1.161491467586884,-0.14010671449415035,-0.016663034677440403,0.08695652173913043,-0.41304347826086957,0.16738027193992308,-0.0051076093126257716,-0.10685247737886898,-0.25855011670869543
2009-03-01,4424.0,758.0,268,0.1713381555153707,0.16316900757902378,0.02737518781519724,0.29841431560195025,1.9273262309914343,0.07416201616965112,0.6086956521739131,0.10869565217391308,0.16146130259950922,-0.00591896934041386,0.6374382145493117,1.153074401010444
2009-04-01,3911.0,539.0,200,0.1378164152390693,0.15882860822691916,0.02687595176548898,-0.7818213535727253,-2.5401414523635095,-0.08138996497740922,0.34782608695652173,-0.15217391304347827,0.15095020477143653,-0.01051109782807269,0.11393133998893848,-1.267797566488554
2009-05-01,4287.0,538.0,199,0.12549568462794494,0.15586767879538949,0.028518783222639905,-1.0649821182880428,0.7970749044593581,0.021201009665177073,0.2608695652173913,-0.2391304347826087,0.14454639792556054,-0.006403806845875992,-0.07863198149463814,0.3309435530767966
2009-06-01,4741.0,742.0,286,0.15650706601982703,0.15542085072034864,0.028458147934252505,0.03816886826183825,1.3863117512651986,0.043332112003006434,0.5217391304347826,0.021739130434782594,0.14406516241654685,-0.00048123550901368883,0.4065079751595988,0.6777032781378135
2009-07-01,4660.0,503.0,190,0.10793991416309012,0.15479120449123818,0.029486807163694135,-1.5888899082242474,-2.7302097630359667,-0.079578533248619,0.0,-0.5,0.1370945277299275,-0.006970634686619348,-0.35537492656647907,-1.2470228583803147
2009-08-01,3531.0,536.0,194,0.15179835740583403,0.15459810205088956,0.029499218749949947,-0.09490911162046554,3.1210395730898672,0.09242559509948081,0.43478260869565216,-0.06521739130434784,0.14181593216185603,0.004721404431928533,0.3339137339786155,1.4511715622711725
2009-09-01,7387.0,883.0,357,0.11953431704345471,0.1473216308413563,0.02599979146222342,-1.0687514104978633,-2.4678230954811795,-0.07612248360512322,0.08695652173913043,-0.41304347826086957,0.13318195908320335,-0.008633973078652685,-0.17431702996655546,-1.1975194244902654
2009-10-01,6055.0,551.0,204,0.09099917423616846,0.1381646451770782,0.024740608309603385,-1.9063990000036435,0.13619470937161748,0.0037288975550930636,0.0,-0.5,0.1253790855827199,-0.007802873500483448,-0.6232485890380359,0.0592992048736905
2009-11-01,5800.0,923.0,352,0.15913793103448276,0.13776626228801836,0.02432317739637058,0.8786544783270547,3.622701067836479,0.09667389960560055,0.5217391304347826,0.021739130434782594,0.13098612665047618,0.00560704106775628,0.45334768049816937,1.5255278286076857
2009-12-01,5429.0,1035.0,388,0.1906428439860011,0.14037029269735937,0.02821116475224451,1.782009063792447,-1.8816988928653058,-0.036633843846795966,0.8695652173913043,0.3695652173913043,0.13667542297817184,0.005689296327695659,0.9487128336291896,-0.5812311164051851
2010-01-01,6542.0,1054.0,379,0.16111280953836749,0.14131604996865613,0.028739978470273046,0.6888230480126479,-1.9965406012451916,-0.06103494739915194,0.6086956521739131,0.10869565217391308,0.14553757220738475,0.008862149229212912,0.47953953335746335,-0.9645384534027466
2010-02-01,8260.0,1188.0,465,0.14382566585956416,0.14301236122243124,0.028186287007241052,0.02885462128885507,0.43321758905600616,0.012242890768830283,0.30434782608695654,-0.19565217391304346,0.14420879028300645,-0.0013287819243782972,0.2047177147834734,0.1943514816977362
2010-03-01,1671.0,223.0,88,0.13345302214242968,0.13985526677468615,0.026813425953321757,-0.23877010880302427,0.39234369663191354,0.006914499961668846,0.2608695652173913,-0.2391304347826087,0.14652857446616893,0.0023197841831624766,0.03967330617374769,0.10977740996426427
2010-04-01,2967.0,455.0,180,0.15335355578024942,0.14115002848645117,0.02707982798506423,0.4506501038532838,0.9570449427481874,0.030273177354954217,0.4782608695652174,-0.021739130434782594,0.15692097139018243,0.010392396924013503,0.3559968477778137,0.4813679502137917
2010-05-01,3482.0,504.0,184,0.14474439977024697,0.142754088081643,0.02663468834872989,0.0747262991233342,-1.0653440173862576,-0.02850968964782219,0.391304347826087,-0.10869565217391303,0.15452204951280982,-0.0023989218773726173,0.2180834966995194,-0.4542368926823603
2010-06-01,1825.0,374.0,136,0.20493150684931508,0.146789458150767,0.03202974373507245,1.8152517603468292,2.116449265953445,0.06879626308907055,0.9565217391304348,0.4565217391304348,0.15690349332336215,0.0023814438105523306,1.175134572664799,1.0949644270435739
2010-07-01,2441.0,459.0,168,0.18803768947152807,0.15346427275980348,0.03153993289803639,1.0961791460842665,-2.459598075486058,-0.0770809244568551,0.8260869565217391,0.32608695652173914,0.16139097331222224,0.004487479988860094,0.9017797956222171,-1.2304058530078616
2010-08-01,5396.0,827.0,311,0.1532616753150482,0.15358621591890467,0.0315357349532939,-0.010291201531758774,-0.3873977333534626,-0.017882196778692877,0.4782608695652174,-0.021739130434782594,0.16296364155480292,0.001572668242580677,0.3449395205531701,-0.28348549802646517
2010-09-01,6895.0,1251.0,463,0.18143582306018854,0.1587446747536325,0.030505261542878165,0.7438437554341698,1.860605304581954,0.06295016190162023,0.8260869565217391,0.32608695652173914,0.17096077504109605,0.007997133486293134,0.7936365392382057,1.0055372937540825
2010-10-01,6399.0,1020.0,394,0.15939990623534928,0.16444473575356422,0.021861899075146917,-0.2307589793948878,-1.7287376917949862,-0.05021006456997962,0.6956521739130435,0.19565217391304346,0.171968500116946,0.0010077250758499523,0.43934456088228646,-0.8029889970409546
2010-11-01,6942.0,1494.0,554,0.21521175453759722,0.16911755437882378,0.026188953528206264,1.7600626962481967,2.965424410472142,0.07784776512708722,1.0,0.5,0.18371305924483772,0.011744559127891713,1.3280980382850405,1.2430454557586732
2010-12-01,6762.0,1157.0,437,0.17110322389825494,0.16748925270484494,0.025322039539065172,0.14272038347600743,-3.6081639884152734,-0.09992037894159023,0.7391304347826086,0.23913043478260865,0.1780750120863277,-0.005638047158510018,0.6192691288791888,-1.5975823868086056
2011-01-01,9316.0,1523.0,599,0.16348218119364535,0.16768670034278474,0.025276996941886606,-0.1663377638888764,1.3082841654073054,0.03648748793473269,0.6956521739130435,0.19565217391304346,0.17398242737334724,-0.004092584712980463,0.4957203538941029,0.5852801344207657
2011-02-01,3749.0,600.0,219,0.16004267804747932,0.169038118025111,0.024299941024279396,-0.37018361355872664,0.10521229769503357,0.004181539558443553,0.6086956521739131,0.10869565217391308,0.17511259449541913,0.0011301671220718956,0.4393966456546589,0.06722506674564188
2011-03-01,4474.0,617.0,236,0.13790791238265535,0.16940935887846317,0.023734315948021546,-1.3272531875279825,-0.7532237242994055,-0.01869526251865794,0.2608695652173913,-0.2391304347826087,0.16785794271583024,-0.007254651779588894,0.08284258782412955,-0.30023034959108535
2011-04-01,4398.0,911.0,351,0.20713960891314234,0.1738915299728709,0.02544369889962375,1.3067313471770052,3.5910541086742436,0.09136646219531097,0.9565217391304348,0.4565217391304348,0.17581455982879576,0.007956617112965525,1.1940225942802984,1.4677340642866983
2011-05-01,4880.0,831.0,312,0.17028688524590163,0.17602007042917545,0.023798911360723495,-0.24090115284582175,-4.1816170347278145,-0.10608442019772771,0.6956521739130435,0.19565217391304346,0.16832708161351315,-0.007487478215282617,0.5984159066914513,-1.706786694045016
2011-06-01,4934.0,802.0,296,0.16254560194568302,0.17248791168720612,0.022210248252893056,-0.44764514238277553,1.3408885104858732,0.029111440367022096,0.6086956521739131,0.10869565217391308,0.1669008112880845,-0.0014262703254286357,0.4723581066158937,0.4695488875132896
2011-07-01,6662.0,1154.0,428,0.1732212548784149,0.1712532088044467,0.021672552206538485,0.09080822854700267,0.7451973604667319,0.018416936232950487,0.7391304347826086,0.23913043478260865,0.1685239902355461,0.0016231789474615843,0.6431543008187534,0.2968539942784172
2011-08-01,5657.0,1157.0,413,0.20452536680219197,0.17552518309504198,0.022825501605658646,1.2705168196593142,0.6412552201825333,0.020628458991045207,0.8695652173913043,0.3695652173913043,0.17593777169466485,0.007413781459118751,1.1445915243090123,0.33064102928739936
2011-09-01,5162.0,1074.0,399,0.20805889190236343,0.17774377216522322,0.024671440340941955,1.2287535432956722,-1.2214718674759535,-0.027770586823605614,0.9565217391304348,0.4565217391304348,0.1876296016146162,0.011691829919951352,1.196122725602389,-0.44990602219688236
2011-10-01,3935.0,722.0,283,0.18348157560355782,0.1797505779459073,0.024014346831558776,0.15536536070793275,-1.0316249062240976,-0.02811084139897707,0.6956521739130435,0.19565217391304346,0.18368659606301882,-0.003943005551597378,0.7964998273862544,-0.45115409950951113
2011-11-01,5834.0,1021.0,394,0.17500857044909154,0.17640031260519848,0.021264305659111544,-0.06544968730312559,0.8525731345766812,0.01610431114433933,0.6086956521739131,0.10869565217391308,0.1844735435968838,0.0007869475338649901,0.6576985490274299,0.2608216198573101
2011-12-01,3586.0,857.0,305,0.23898494143892918,0.18205712240025465,0.027763056387290565,2.05048818273247,2.336752918046654,0.07244937614430391,1.0,0.5,0.19721343351242482,0.012739889915541008,1.6809576693522075,1.162060398683602
2012-01-01,4762.0,746.0,267,0.15665686686266275,0.1814883462060061,0.028243941850564697,-0.8791789571981035,-5.045605009966169,-0.14630444556610403,0.2608695652173913,-0.2391304347826087,0.19445270217646612,-0.002760731335958694,0.35223198754250534,-2.3519848021344796
2012-02-01,9600.0,1035.0,387,0.1078125,0.17713583136871613,0.03505295185383284,-1.977674566689482,1.8311715304391951,0.03348370771360368,0.0,-0.5,0.17833389104276745,-0.016118811133698674,-0.43597764052161747,0.5405160537455793
2012-03-01,6438.0,1002.0,392,0.15563839701770738,0.1786133717549705,0.033592364282433944,-0.6839344365313742,2.392235739649486,0.09667026388037012,0.21739130434782608,-0.28260869565217395,0.1695971418953248,-0.008736749147442657,0.3372323978651012,1.5614196664508415
2012-04-01,6324.0,975.0,372,0.15417457305502846,0.17419961876679435,0.03297747221296492,-0.6072341015844491,-1.2170397952111827,-0.04928972098038628,0.17391304347826086,-0.32608695652173914,0.16471264147056988,-0.004884500424754912,0.3128645691354196,-0.7975778671164002
2012-05-01,10537.0,1354.0,531,0.12849957293347253,0.1707173427407586,0.03553528356542879,-1.188052143429593,-0.6575183767920689,-0.024211176158877024,0.043478260869565216,-0.4565217391304348,0.1569611418846334,-0.007751499585936489,-0.10380927517973337,-0.3923060155854714
2012-06-01,6605.0,1166.0,435,0.1765329295987888,0.17188295337851742,0.035472217148591195,0.1310878370188389,1.899958022293576,0.07370835678687221,0.6521739130434783,0.15217391304347827,0.14655247324461,-0.010408668640023405,0.6756937988138262,1.1961769183087125
2012-07-01,6001.0,877.0,338,0.14614230961506416,0.1696263746065715,0.03623251177051965,-0.6481489646714199,-2.0983767821386907,-0.07842397664904091,0.13043478260869565,-0.3695652173913043,0.1448000470366769,-0.0017524262079330888,0.18050430183709726,-1.2746925709702883
2012-08-01,5044.0,584.0,236,0.11578112609040445,0.16223102121392255,0.03749644845131232,-1.2387811924063017,0.18860457395537703,2.9436459064918763e-05,0.043478260869565216,-0.4565217391304348,0.14612815138507762,0.0013281043484007216,-0.31411587528959917,0.0005693198500325014
2012-09-01,6972.0,1121.0,417,0.16078600114744693,0.15829161365101282,0.03461671598162405,0.07205731178423234,1.9014707319254156,0.0753660585817022,0.43478260869565216,-0.06521739130434784,0.14698608540670088,0.0008579340216232634,0.42032540995785994,1.2290614623741556
2012-10-01,4825.0,707.0,263,0.1465284974093264,0.1552121904681602,0.033806306342499814,-0.25686607021947944,-1.6397618861942458,-0.059262378795162995,0.21739130434782608,-0.28260869565217395,0.14571173946575056,-0.0012743459409503277,0.18666230722513716,-0.9681043879801818
2012-11-01,5067.0,966.0,359,0.1906453522794553,0.15651525562069052,0.03492168691105013,0.9773324165495894,1.5631218687727806,0.05837435860824941,0.8260869565217391,0.32608695652173914,0.15606936935674767,0.010357629890997117,0.9068544858325431,0.9538552813401288
2012-12-01,4269.0,753.0,268,0.1763879128601546,0.15129883657245932,0.024646422344844134,1.0179601703102252,-1.1935707330084329,-0.05837429428942961,0.6956521739130435,0.19565217391304346,0.15604519990030866,-2.4169456439016024e-05,0.671287818930324,-0.9557588455096251
2013-01-01,4111.0,830.0,312,0.20189734857698857,0.1550688767153198,0.028671889899883007,1.6332537556884192,0.5746658316175581,0.039766875136134694,0.8260869565217391,0.32608695652173914,0.16533770639396272,0.009292506493654068,1.085720906742905,0.6499997547148002
2013-02-01,2996.0,475.0,184,0.15854472630173566,0.15929656224046443,0.02450841500389406,-0.030676644679360574,-2.2792239857459737,-0.06886205799208689,0.391304347826087,-0.10869565217391303,0.17246497309585127,0.0071272667018885405,0.37357161725148136,-1.1265823773040047
2013-03-01,,,,,0.15962912271526053,0.025676229731161355,,,,0.0,-0.5,0.17480076748553214,0.002335794389680873,,
2013-04-01,,,,,0.16017457768128374,0.026997860838876786,,,,0.0,-0.5,0.18186883500458353,0.007068067519051396,,
2013-05-01,,,,,0.16369402265326277,0.0260892124423756,,,,0.0,-0.5,0.17894332924629297,-0.002925505758290564,,
2013-06-01,,,,,0.162089159285072,0.027411503903879707,,,,0.0,-0.5,,,,
2013-07-01,,,,,0.16436728066650172,0.028778183143686478,,,,0.0,-0.5,,,,
2013-08-01,,,,,0.17246497309585127,0.021047816027962914,,,,0.0,-0.5,,,,
2013-09-01,51.0,6.0,0,0.11764705882352941,0.16527514937519835,0.03089820948316102,-1.5414514739964273,,,0.08695652173913043,-0.41304347826086957,,,-0.2979910859729166,
2013-10-01,257.0,40.0,0,0.1556420233463035,0.1667940703646945,0.030003380401719917,-0.37169301822243095,,,0.34782608695652173,-0.15217391304347827,,,0.32682759073812495,
2013-11-01,243.0,34.0,0,0.13991769547325103,0.15833946089699377,0.029070904796622974,-0.633683937690261,-1.4317493752418264,-0.05371929239582657,0.17391304347826086,-0.32608695652173914,0.13773559254769466,,0.06744143103137445,-0.8842048364177921
2013-12-01,145.0,12.0,0,0.08275862068965517,0.14273457886857724,0.04037630557128167,-1.485424615509671,-0.5897497583515801,-0.041434746910543385,0.0,-0.5,0.12399134958318478,-0.013744242964509878,-0.8739434239677165,-0.6819986952923406
2014-01-01,195.0,34.0,0,0.17435897435897435,0.1381448498322415,0.03324065478515188,1.0894528029246031,3.4266180962536845,0.14875942845291504,0.5652173913043478,0.06521739130434778,0.13406487453834268,0.010073524955157898,0.6381133122307661,2.4534415911975733
2014-02-01,195.0,5.0,0,0.02564102564102564,0.11599423305545652,0.05444586707704031,-1.6595053447598156,-5.323835566118693,-0.24031830238726787,0.0,-0.5,0.11599423305545652,-0.01807064148288616,-1.808182528597041,-3.9583525770262895
2014-03-01,121.0,45.0,0,0.371900826446281,0.1525523178255743,0.10874625803166482,2.0170671854919053,6.425530677936139,0.49497774952320406,0.7391304347826086,0.23913043478260865,0.15836986099258177,0.04237562793712525,3.7895897535651737,8.044068122990021
2014-04-01,285.0,54.0,0,0.18947368421052632,0.15716748862369329,0.10152218666668872,0.31821808264334095,-5.375421633100285,-0.5286869430410099,0.6086956521739131,0.10869565217391308,0.1640084711366189,0.005638610144037132,0.8536276384178736,-8.533734397309514
2014-05-01,241.0,44.0,0,0.1825726141078838,0.1599902803441589,0.09534213897989652,0.2368557492557045,1.6174867694609278,0.17552607213311214,0.5652173913043478,0.06521739130434778,0.17111762424239105,0.007109153105772148,0.7406040501752231,2.8229385269046494
2014-06-01,274.0,44.0,0,0.16058394160583941,0.16004964647032696,0.08988962671114409,0.005943902039212865,-0.14954951382885517,-0.015087602399401878,0.391304347826087,-0.10869565217391303,0.18408851106175508,0.012970886819364036,0.3858170005789965,-0.24176346135357618
2014-07-01,293.0,77.0,0,0.2627986348122867,0.1693904635923233,0.09072976358844062,1.0295207165277354,1.254488661705014,0.12420336570849169,0.6956521739130435,0.19565217391304346,0.19882845447064046,0.014739943408885375,2.0159801008754865,1.9849501498927167
2014-08-01,179.0,40.0,0,0.22346368715083798,0.17389656555553287,0.08790446987048355,0.5638748708494139,-1.489222660166844,-0.14154964086789604,0.6521739130434783,0.15217391304347827,0.23179889805560924,0.032970443584968784,1.3782081812980265,-2.26793501987395
2014-09-01,205.0,29.0,0,0.14146341463414633,0.17588126187308425,0.08678069962043779,-0.3966071648359027,-0.4948361900069951,-0.04266532485524288,0.17391304347826086,-0.32608695652173914,0.19339266275358677,-0.03840623530202247,0.06511115196840082,-0.6753251097521655
2014-10-01,424.0,56.0,0,0.1320754716981132,0.1739173825690684,0.08754366531591791,-0.47795475229373524,0.8791344482274841,0.07261232958065852,0.13043478260869565,-0.3695652173913043,0.18382629400151793,-0.009566368752068843,-0.08531987843053136,1.1626659989306933
2014-11-01,213.0,23.0,0,0.107981220657277,0.17125600966773724,0.08914208809168608,-0.7098194619962197,-0.1505171222446519,-0.014706308104803084,0.08695652173913043,-0.41304347826086957,0.17139439509308343,-0.012431898908434491,-0.47145661503310504,-0.23570570620364145
2014-12-01,271.0,67.0,0,0.24723247232472326,0.1849621639706596,0.0869146716328091,0.7164533580376259,1.6581375297363299,0.16334550270828246,0.6521739130434783,0.15217391304347827,0.18583581687956408,0.01444142178648064,1.7565160136859703,2.614109365321649
2015-01-01,157.0,6.0,0,0.03821656050955414,0.17361696281654124,0.09675322077322807,-1.3994407754584315,-3.542166953529903,-0.3482671634826154,0.043478260869565216,-0.4565217391304348,0.148405471162442,-0.03743034571712209,-1.5845929469711142,-5.56908158937616
2015-02-01,164.0,36.0,0,0.21951219512195122,0.18977289360661834,0.08530712865821054,0.34861449427615415,3.863949403230643,0.39031154642756616,0.5652173913043478,0.06521739130434778,0.14774688915762754,-0.0006585820048144453,1.308090658222329,6.2337925658505275
2015-03-01,97.0,9.0,0,0.09278350515463918,0.16651311683231487,0.06728130846997318,-1.0958409304804217,-3.1925106944911614,-0.30802432457970913,0.13043478260869565,-0.3695652173913043,0.139633570911043,-0.008113318246584539,-0.7138727807013717,-4.914647044117144
2015-04-01,450.0,48.0,0,0.10666666666666667,0.15961253203699324,0.06893838636495338,-0.7680171840697881,1.7722791711672095,0.14061185147933952,0.17391304347826086,-0.32608695652173914,0.13539877007246856,-0.004234800838574443,-0.4909598990003765,2.244876320624696
2015-05-01,252.0,41.0,0,0.1626984126984127,0.15795634858620397,0.06857441493995076,0.06915208997934963,0.5093455276385042,0.042148584519718535,0.5217391304347826,0.021739130434782594,0.1445183020793245,0.009119532006855946,0.4049324946213204,0.6729795119207017
2015-06-01,478.0,70.0,0,0.14644351464435146,0.15677797967274665,0.06864661329702446,-0.15054588321319481,-1.0568672472416822,-0.07228664408580728,0.43478260869565216,-0.06521739130434784,0.12772014246592922,-0.016798159613395286,0.14419315139021233,-1.156631736852805
2015-07-01,415.0,45.0,0,0.10843373493975904,0.14391423801670267,0.06101192817692426,-0.581533876032506,-0.2112900196267667,-0.02175488165053116,0.2608695652173913,-0.2391304347826087,0.13942300487096337,0.011702862405034153,-0.46499528642341775,-0.34844909458252205
2015-08-01,159.0,25.0,0,0.15723270440251572,0.1383949894543425,0.05594699651661878,0.336706456486499,1.3492283253383162,0.0868087491673491,0.5652173913043478,0.06521739130434778,0.12904308975105747,-0.010379915119905908,0.3187639256584523,1.3929476498955002
2015-09-01,474.0,75.0,0,0.15822784810126583,0.13979202557660245,0.056239129973095554,0.3278113038641062,-0.9271354851413978,-0.04780382576400656,0.5652173913043478,0.06521739130434778,0.1399504802421619,0.010907390491104424,0.33416961105859705,-0.7683535266817253
2015-10-01,475.0,46.0,0,0.0968421052631579,0.13685591170702285,0.05758230348162378,-0.6948976338995287,-1.013813785141242,-0.062380886536858055,0.17391304347826086,-0.32608695652173914,0.1383130533415771,-0.0016374269005847986,-0.6538703059000082,-1.0034456023587501
2015-11-01,226.0,29.0,0,0.12831858407079647,0.1385506919914828,0.056951023004737,-0.17966504165930874,1.5379415300038548,0.0928622216457465,0.34782608695652173,-0.15217391304347827,0.13258308190364107,-0.005729971437936021,-0.14572544776610144,1.496184775092512
2015-12-01,366.0,32.0,0,0.08743169398907104,0.1252339604635118,0.04705027074741739,-0.8034441858448973,-1.1390117364258086,-0.07236336888936401,0.08695652173913043,-0.41304347826086957,0.12274777846109432,-0.009835303442546753,-0.8043645658289024,-1.1667839761967076
2016-01-01,301.0,26.0,0,0.08637873754152824,0.12924747521617627,0.04055905749867584,-1.0569461007827314,0.3702772292477544,0.039833933634182625,0.08695652173913043,-0.41304347826086957,0.11907194556138921,-0.003675832899705106,-0.8191551371356494,0.643848546756054
2016-02-01,478.0,56.0,0,0.11715481171548117,0.12071769326563712,0.028952681280100583,-0.12305877703301871,1.1873892386875469,0.03182903062149574,0.34782608695652173,-0.15217391304347827,0.11239229678021677,-0.0066796487811724425,-0.32062683365141653,0.5133188747909797
2016-03-01,531.0,98.0,0,0.18455743879472694,0.12836552106897775,0.032772158761615246,1.7146236271613757,0.9037950804446817,0.036626552905292833,0.782608695652174,0.28260869565217395,0.11678056189579362,0.004388265115576856,0.7695502959379809,0.5916488261051644
2016-04-01,744.0,67.0,0,0.09005376344086022,0.12698111246682722,0.03409626710161592,-1.0830320197784031,-4.635338051134173,-0.16190630243311252,0.13043478260869565,-0.3695652173913043,0.11564917159207737,-0.0011313903037162565,-0.7608190266564403,-2.620546452183819
2016-05-01,169.0,2.0,0,0.011834319526627219,0.11440910470251177,0.04560153862115151,-2.24937114574259,1.631316520975592,0.01628423143963373,0.0,-0.5,0.09623512750138247,-0.0194140440906949,-2.0133637001164044,0.27782464913445704
2016-06-01,429.0,73.0,0,0.17016317016317017,0.11638574266241335,0.047587174355315676,1.130082385207847,4.545792656914624,0.23654829455077594,0.782608695652174,0.28260869565217395,0.11002370686373232,0.013788579362349854,0.5416732332011148,3.8075816067774833
2016-07-01,302.0,24.0,0,0.07947019867549669,0.11397211464039148,0.04874753751602593,-0.7077673606292862,-5.21730327678757,-0.24902182212421642,0.08695652173913043,-0.41304347826086957,0.10887228371939373,-0.0011514231443385953,-0.9214637898953653,-4.0181739564139995
2016-08-01,381.0,51.0,0,0.13385826771653545,0.11202424491655978,0.047307501473876114,0.4615340510433155,3.007151157509735,0.14508104052871224,0.6086956521739131,0.10869565217391308,0.1116561930529028,0.0027839093335090687,-0.042113033191325,2.3424877798005204
2016-09-01,465.0,37.0,0,0.07956989247311828,0.10546941528088083,0.045747249494416935,-0.5661438249074049,-2.1969792876233223,-0.1086764442844559,0.13043478260869565,-0.3695652173913043,0.09415826866596799,-0.0174979243869348,-0.9184888457905284,-1.7557265693032438
2016-10-01,207.0,51.0,0,0.2463768115942029,0.1179306408084679,0.06100521390326462,2.105494966207493,3.6993166670656183,0.2210952943645018,0.9565217391304348,0.4565217391304348,0.12021211002485845,0.026053841358890453,1.7714928571186612,3.5663575155083933
2016-11-01,491.0,62.0,0,0.12627291242362526,0.11776016817120365,0.060976398382453764,0.1396072001338668,-4.637526557188524,-0.28691081829166226,0.5217391304347826,0.021739130434782594,0.1392852088410248,0.019073098816166353,-0.16685385721315343,-4.628328417241004
2016-12-01,379.0,81.0,0,0.21372031662269128,0.12828422005733867,0.06596059325222717,1.2952596747978438,3.121540240737603,0.20755130336964367,0.9130434782608695,0.4130434782608695,0.14654473325094497,0.0072595244099201706,1.2418284583450185,3.3470290298899865
2017-01-01,235.0,56.0,0,0.23829787234042554,0.14094414795724677,0.07153031615060078,1.3610134782322096,-1.089898671229611,-0.06286984848133176,0.9565217391304348,0.4565217391304348,0.17301601219509977,0.026471278944154797,1.6293777992376273,-1.0211329746655633
2017-02-01,520.0,85.0,0,0.16346153846153846,0.14480304185275153,0.0713791763788748,0.2613997184521879,-1.1653675632143876,-0.09941388959662137,0.782608695652174,0.28260869565217395,0.17794989065260028,0.004933878457500512,0.4230127461930673,-1.5939143939371687
2017-03-01,423.0,105.0,0,0.24822695035460993,0.1501088344827418,0.07676595515187873,1.2781462261199632,2.116360267447797,0.15960174577195854,1.0,0.5,0.20605940029951555,0.028109509646915276,1.7786446805153702,2.5619969873668627
2017-04-01,396.0,47.0,0,0.11868686868686869,0.15249492658657582,0.07515773578068911,-0.44982805227607336,-2.744720786063812,-0.21430549356081272,0.391304347826087,-0.10869565217391303,0.1847777431482932,-0.02128165715122235,-0.30324342693516865,-3.4375200417728418
2017-05-01,591.0,162.0,0,0.27411167512690354,0.17435137288659885,0.06836287797358044,1.4592759286532395,3.6370782593253494,0.2849648881077761,1.0,0.5,0.2094175369321729,0.024639793783879704,2.179111772296581,4.564243306682289
2017-06-01,595.0,78.0,0,0.13109243697478992,0.1710954784542338,0.06950140498556986,-0.5755716951009763,-3.943951604683529,-0.2984440445921485,0.5217391304347826,0.021739130434782594,0.19564622365752268,-0.013771313274650226,-0.10952470484291477,-4.770991676371246
2017-07-01,532.0,100.0,0,0.18796992481203006,0.18013712229894493,0.06327676394511596,0.12378639526950252,2.7342057141246947,0.19989672598935376,0.782608695652174,0.28260869565217395,0.18725823240279008,-0.008387991254732607,0.8000839802768245,3.1982451622592354
2017-08-01,360.0,76.0,0,0.2111111111111111,0.18657485924849293,0.06205844717692468,0.39537328081488876,-0.42777120482509257,-0.0337363015381591,0.782608695652174,0.28260869565217395,0.19519982784438553,0.00794159544159545,1.1669447293292818,-0.5427479360672819
2017-09-01,376.0,59.0,0,0.15691489361702127,0.19302027601048485,0.05333844716520967,-0.6769110147063588,-1.3438711810666337,-0.07733740379317089,0.5652173913043478,0.06521739130434778,0.1799811517214541,-0.01521867612293143,0.297800536676288,-1.2360049417054513
2017-10-01,275.0,82.0,0,0.29818181818181816,0.1973373598927861,0.05975957352694753,1.6875029779715214,3.436698288199128,0.19546314205888674,1.0,0.5,0.20989697663727902,0.029915824915824923,2.535887038469618,3.107230694446324
2017-11-01,505.0,55.0,0,0.10891089108910891,0.1958905247815764,0.0618114711465226,-1.407176242194339,-5.45909321284374,-0.33053785165750615,0.2608695652173913,-0.2391304347826087,0.1823635126309799,-0.027533464006299108,-0.47557774666598696,-5.249551286928935
2017-12-01,358.0,39.0,0,0.10893854748603352,0.18715871068685494,0.06630168486009522,-1.1797613192768128,3.322094143083387,0.18929858348963385,0.2608695652173913,-0.2391304347826087,0.1786711977161872,-0.003692314914792716,-0.4742561128029619,3.0127864189986298
2018-01-01,134.0,23.0,0,0.17164179104477612,0.18160403724555077,0.06439251491243905,-0.1547112457763347,0.797635150582952,0.062675587161818,0.6086956521739131,0.10869565217391308,0.17594984208831152,-0.0027213556278756768,0.5250456639645801,0.997980142904517
2018-02-01,281.0,58.0,0,0.20640569395017794,0.18518271686960408,0.0644858295097616,0.329110709157602,-0.5412281185665415,-0.027939340653340777,0.6956521739130435,0.19565217391304346,0.17516560589482266,-0.0007842361934888575,1.0767296086018683,-0.4476178321302538
2018-03-01,433.0,116.0,0,0.2678983833718245,0.18682200295437199,0.06645415595866515,1.22003476303096,0.4071020989394214,0.026728786516244718,0.9130434782608695,0.4130434782608695,0.19366285418728987,0.01849724829246721,2.0424898104000837,0.4140762571609272
2018-04-01,165.0,49.0,0,0.296969696969697,0.20167890531127433,0.06968702154470702,1.3674108829187053,-0.7435479339856128,-0.032421375823774023,0.9565217391304348,0.4565217391304348,0.19346083398526967,-0.00020202020202020332,2.477462099242051,-0.530787912956248
2018-05-01,656.0,89.0,0,0.13567073170731708,0.1901421600263088,0.06804577712341305,-0.8005115177125267,-2.3152985205189776,-0.19037027886025243,0.34782608695652173,-0.15217391304347827,0.19792080742163767,0.004459973436368003,-0.06546090134227235,-2.977895289426291
2018-06-01,551.0,154.0,0,0.279491833030853,0.20250877636431405,0.06980088662198163,1.10289511196976,4.071329030313519,0.30512006658591584,0.9130434782608695,0.4130434782608695,0.22634635501244094,0.028425547590803263,2.1863050267980553,4.794688928724652
2018-07-01,213.0,28.0,0,0.13145539906103287,0.19779923255173096,0.0727166656476501,-0.9123607758937726,-3.9186625175458194,-0.29185753529335606,0.2608695652173913,-0.2391304347826087,0.21964862301515042,-0.0066977319972905125,-0.13758505238122837,-4.575656007319612
2018-08-01,610.0,153.0,0,0.25081967213114753,0.20110827930340067,0.07426452200172493,0.6693827885486454,3.5969994523059503,0.2674007070399348,0.782608695652174,0.28260869565217395,0.2270509527119787,0.007402329696828275,1.7288086045398847,4.190283736100397
2018-09-01,233.0,23.0,0,0.09871244635193133,0.19625807536464315,0.07915288373430543,-1.2323698696834067,-3.4834962226744706,-0.27147149884933086,0.0,-0.5,0.19885329654199646,-0.028197656169982238,-0.6541923591251861,-4.249394620586185
2018-10-01,547.0,76.0,0,0.13893967093235832,0.18298789642718816,0.07367048711318758,-0.5979087042977468,2.536213823617712,0.1923344503596432,0.34782608695652173,-0.15217391304347827,0.1725149588691067,-0.02633833767288976,-0.023036320556716464,3.0141570022335404
2018-11-01,498.0,102.0,0,0.20481927710843373,0.19098026192879858,0.07001520547404057,0.19765728152817064,0.16110482044025765,0.02565238159564842,0.5217391304347826,0.021739130434782594,0.18403971643595943,0.011524757566852728,1.0090717930588164,0.4009520750470632
2018-12-01,419.0,70.0,0,0.16706443914081145,0.19582408623336342,0.06570110766846089,-0.43773458489738254,-1.4309578522514705,-0.10363444414369768,0.43478260869565216,-0.06521739130434784,0.16530181745428588,-0.01873789898167355,0.41517022496645184,-1.6260096817078975
2019-01-01,259.0,49.0,0,0.1891891891891892,0.19728636941206448,0.06530806036188787,-0.12398439301376944,0.9491420583091663,0.05987958801600002,0.5652173913043478,0.06521739130434778,0.1749241158089786,0.009622298354692721,0.7614501562153129,0.9401814993412256
2019-02-01,578.0,59.0,0,0.10207612456747404,0.18859223863017252,0.07070511358211372,-1.22361891070612,-1.4133847095759635,-0.10923781467009289,0.043478260869565216,-0.4565217391304348,0.15013352454836634,-0.024790591260612255,-0.6085275240241714,-1.7162576114883454
2019-03-01,613.0,89.0,0,0.14518760195758565,0.17836634017898592,0.0669674370357736,-0.4954458418899381,1.8278075865085324,0.13022454201182676,0.391304347826087,-0.10869565217391303,0.1578793838159754,0.007745859267609068,0.07058362243862612,2.049088826702282
2019-04-01,469.0,73.0,0,0.15565031982942432,0.16658972541729655,0.05569071354780259,-0.1964314136230685,-0.4291586405493122,-0.03264875951827294,0.391304347826087,-0.10869565217391303,0.1606644919654864,0.0027851081495109953,0.23530210410292135,-0.5143926647985023
2019-05-01,607.0,108.0,0,0.17792421746293247,0.1701108492302645,0.054888082920129616,0.14235090418511387,0.03976788954131272,0.011811179761669482,0.5652173913043478,0.06521739130434778,0.15618198202456954,-0.004482509940916868,0.5860779804188094,0.18605739465159285
2019-06-01,402.0,46.0,0,0.11442786069651742,0.1563555182024032,0.044727055192121154,-0.9374115359437191,-1.4185447579370154,-0.0857702543999232,0.17391304347826086,-0.32608695652173914,0.1474092189505205,-0.008772763074049034,-0.41736856158497265,-1.3542224183196703
2019-07-01,640.0,61.0,0,0.0953125,0.15334360994731713,0.04767596990452547,-1.217198308991481,0.7999756670810709,0.04438099606989762,0.0,-0.5,0.13176310408565564,-0.015646114864864863,-0.718460802698151,0.7023543008906037
2019-08-01,589.0,51.0,0,0.0865874363327674,0.13965759029745212,0.04012491583703602,-1.3226234337842524,0.17436164825499068,0.010390297029284831,0.0,-0.5,0.1291816560465379,-0.0025814480391177508,-0.8545827555054613,0.16497028830586818
2019-09-01,333.0,45.0,0,0.13513513513513514,0.1426928143627191,0.03807109897246168,-0.1985148690625067,1.229533689514517,0.057272762469600336,0.34782608695652173,-0.15217391304347827,0.1275062449094628,-0.001675411137075089,-0.08496778992280857,0.905736918389963
2019-10-01,542.0,102.0,0,0.1881918819188192,0.1467971652782575,0.04022372101169319,1.0291120661991484,0.10351837053990942,0.004509047981316308,0.6956521739130435,0.19565217391304346,0.1329298385910286,0.005423593681565808,0.7555000921819285,0.07085291652208436
2019-11-01,385.0,47.0,0,0.12207792207792208,0.1399020523590482,0.036270937012524755,-0.49141631700805694,-2.7481553184688603,-0.11917070662458118,0.2608695652173913,-0.2391304347826087,0.12362212269352686,-0.009307715897501748,-0.2941003275690634,-1.890068301855729
2019-12-01,223.0,16.0,0,0.07174887892376682,0.13195908900762782,0.04002426693602189,-1.5043426074512745,0.5076020927639878,0.015784916686741868,0.0,-0.5,0.11650895906473509,-0.007113163628791774,-1.0910967137076548,0.25260403361240047
2020-01-01,249.0,39.0,0,0.1566265060240964,0.1292455320772034,0.03676237921660755,0.7448096268623311,3.262078524756823,0.13520667025448485,0.5652173913043478,0.06521739130434778,0.12672796006875117,0.010219001004016084,0.25796309002112755,2.146056189867374
2020-02-01,1386.0,178.0,0,0.12842712842712842,0.13144144906550795,0.035765430548344086,-0.08428028384294374,-3.0782421450188804,-0.11307700469729755,0.30434782608695654,-0.19565217391304346,0.133701242084478,0.006973282015726834,-0.19068628102445886,-1.7977091747743688
2020-03-01,360.0,59.0,0,0.1638888888888889,0.13299988964311654,0.03681101741295417,0.8391237574135126,1.752493951961731,0.06366113805872844,0.6521739130434783,0.15217391304347827,0.1384935343767703,0.004792292292292305,0.3740262676209307,1.013361919690976
2020-04-01,478.0,137.0,0,0.28661087866108786,0.14391326954575517,0.05765069790747443,2.4752104362093403,0.7126826375393713,0.0872602293104385,1.0,0.5,0.15489670050048174,0.016403166123711427,2.311947980981859,1.3732091647155384
2020-05-01,644.0,183.0,0,0.2841614906832298,0.15276637564744663,0.07015043689596018,1.8730477078946028,-2.238249407110565,-0.12517137775005702,0.9565217391304348,0.4565217391304348,0.1819106286013664,0.027013928100884654,2.2537292688329282,-1.9961404255098587
2020-06-01,572.0,103.0,0,0.18006993006993008,0.15823654809523102,0.06944487066586892,0.31439877078538253,-0.956486208794483,-0.10164217263544167,0.7391304347826086,0.23913043478260865,0.19996413712572692,0.018053508524360523,0.610888668012556,-1.5846218886714416
2020-07-01,580.0,130.0,0,0.22413793103448276,0.16897200068143792,0.06878758332566506,0.8019751194320865,2.0462252857559244,0.14815956157785243,0.8695652173913043,0.3695652173913043,0.21121604129412463,0.01125190416839772,1.3016235582044802,2.3335754910122963
2020-08-01,473.0,70.0,0,0.14799154334038056,0.174089009598739,0.06423522511536746,-0.40627967305301693,-1.6958311411318074,-0.12021438865865489,0.4782608695652174,-0.021739130434782594,0.21447677711299998,0.0032607358188753433,0.10066660243450286,-1.8916918459619017
2020-09-01,444.0,59.0,0,0.13288288288288289,0.17390132191105132,0.06436255505481213,-0.6373028384786232,0.9772316270594972,0.06103772723660453,0.30434782608695654,-0.19565217391304346,0.20930910944533232,-0.005167667667667658,-0.13772873510975908,0.9625616182257154
2020-10-01,322.0,45.0,0,0.13975155279503104,0.1698646278174023,0.06490158371782087,-0.463980588721793,0.4043454151824366,0.02197733036964583,0.391304347826087,-0.10869565217391303,0.18483255513432284,-0.02447655431100948,-0.029074860058036042,0.347049212595985
2020-11-01,118.0,29.0,0,0.2457627118644068,0.1801716936329427,0.06642596282380057,0.9874304480229933,1.278088786987956,0.09914248915722759,0.9130434782608695,0.4130434782608695,0.17843275866451902,-0.00639979646980382,1.6412078897774225,1.5616288747837355
2020-12-01,390.0,51.0,0,0.13076923076923078,0.18509005628673136,0.059491257570846064,-0.913089212357157,-3.3519306971249363,-0.2210046401645518,0.30434782608695654,-0.19565217391304346,0.1702159754477358,-0.008216783216783208,-0.17516820073583575,-3.4866588403487166
2021-01-01,202.0,29.0,0,0.14356435643564355,0.18400154382102696,0.060174971196036015,-0.6719934647521224,2.141615407985185,0.1277886067615888,0.4782608695652174,-0.021739130434782594,0.15678704634792925,-0.013428929099806558,0.027196133558546692,2.018740424807641
2021-02-01,235.0,33.0,0,0.14042553191489363,0.18500141077834073,0.05926033097732515,-0.7522043520226579,-0.3213066348755701,-0.015933950187162704,0.43478260869565216,-0.06521739130434784,0.15552604444368143,-0.001261001904247827,-0.022493141077512047,-0.25205360893044115
2021-03-01,302.0,83.0,0,0.27483443708609273,0.1942468731281077,0.0641221464006629,1.2567820711184414,2.0891973104116346,0.13754772969194903,0.9130434782608695,0.4130434782608695,0.17918463681088306,0.023658592367201636,2.0940102406722523,2.166192656385823
2021-04-01,413.0,79.0,0,0.19128329297820823,0.1863029076545344,0.05716685346754161,0.08712015830120196,-3.178648335958339,-0.2179600492790836,0.782608695652174,0.28260869565217395,0.18777326017474594,0.008588623363862874,0.7732051524280918,-3.437308469993925
2021-05-01,207.0,37.0,0,0.178743961352657,0.17751811354365332,0.04815062030671605,0.02545860886516327,1.1080003633812008,0.07101181248233326,0.6521739130434783,0.15217391304347827,0.17660346842278765,-0.011169791751958286,0.5740925279241769,1.1216924637402454
2021-06-01,306.0,69.0,0,0.22549019607843138,0.18130313571102843,0.050114593063014,0.881720426460257,0.9179233670311324,0.05928556635132562,0.8260869565217391,0.32608695652173914,0.1923902959743211,0.01578682755153346,1.308408764363,0.9334288609427381
2021-07-01,311.0,74.0,0,0.2379421221864952,0.18245348497369615,0.051330898256524926,1.080998757035108,-0.6569834870202426,-0.03429430861771057,0.8260869565217391,0.32608695652173914,0.208119923599463,0.01572962762514188,1.4985289256726722,-0.544196075129151
2021-08-01,112.0,19.0,0,0.16964285714285715,0.18425776112390255,0.05038117802333311,-0.2900865869844642,-1.5703636745944234,-0.08075119115170185,0.5217391304347826,0.021739130434782594,0.2129894778041236,0.00486955420466062,0.4208389658214822,-1.2678101211608621
2021-09-01,213.0,27.0,0,0.1267605633802817,0.1837475678320191,0.05097621562771395,-1.1179135946050025,0.543258336399034,0.025416971281062573,0.08695652173913043,-0.41304347826086957,0.1883104988531551,-0.024678978950968516,-0.25576597171217313,0.4010850223175346
2021-10-01,259.0,51.0,0,0.1969111969111969,0.18851087150836623,0.0491284801731848,0.17098687712744914,2.1167274793529898,0.11303292729349068,0.6956521739130435,0.19565217391304346,0.18924848284198656,0.0009379839888314645,0.8511069448599672,1.7834778541057956
2021-11-01,329.0,62.0,0,0.1884498480243161,0.18373479952169203,0.04572465352684127,0.10311829918746689,-1.3567690496724338,-0.07861198241779602,0.6086956521739131,0.10869565217391308,0.1908661306205964,0.001617647778609843,0.7158752717156524,-1.242104589716455
2021-12-01,278.0,23.0,0,0.08273381294964029,0.17973184803672615,0.05239860139511936,-1.8511569489356772,-1.8864066701831617,-0.09725468618779504,0.0,-0.5,0.16707340009913121,-0.02379273052146519,-0.9543901999805622,-1.5350337985518996
2022-01-01,107.0,38.0,0,0.35514018691588783,0.19736316724341318,0.07130688134957498,2.2126478775447813,6.018080074603603,0.37812240904092337,1.0,0.5,0.18660641088736332,0.019533010788232108,3.302970910951077,5.927626582627854
2022-02-01,228.0,43.0,0,0.18859649122807018,0.20137741385284458,0.06913292518256836,-0.1848746106290475,-6.461327314654287,-0.4389500696540652,0.5652173913043478,0.06521739130434778,0.1897653499015655,0.0031589390142021667,0.7011285502345385,-6.859203471648177
